Owner_info,bhk_info,area_info,location_info,cons_info,prince_in_cr_info,price_sq_ft
BUILDER,Residential Plot,2325 ,Koramangala,New,59.86 L,"2,574 / sq ft"
BUILDER,3,1405 ,Whitefield Hope Farm Junction,Ready to move,87.28 L,"6,212 / sq ft"
BUILDER,3,1562 ,Hosa Road,Under Construction,87.36 L,"5,593 / sq ft"
BUILDER,3,1200 ,Electronic City Phase 1,Under Construction,36 L,"3,000 / sq ft"
BUILDER,3,1437 ,Jalahalli,Under Construction,88.56 L,"6,162 / sq ft"
BUILDER,3,1975 ,JP Nagar Phase 7,Ready to move,2.11 Cr,"10,734 / sq ft"
BUILDER,Residential Plot,835 ,Anekal City,New,15 L,"1,797 / sq ft"
BUILDER,2,820 ,Chandapura,Ready to move,32.49 L,"3,962 / sq ft"
BUILDER,3,894 ,Harlur,Under Construction,68.39 L,"7,650 / sq ft"
BUILDER,3,973 ,Whitefield Hope Farm Junction,Under Construction,42.81 L,"4,400 / sq ft"
BUILDER,4,3000 ,Narayanaghatta,Under Construction,1.87 Cr,"6,250 / sq ft"
BUILDER,4,3880 ,Hebbal,Ready to move,3.9 Cr,"10,058 / sq ft"
BUILDER,2,1131 ,Kengeri,Ready to move,65.59 L,"5,799 / sq ft"
BUILDER,3,1538 ,Avalahalli Off Sarjapur Road,Ready to move,80.3 L,"5,221 / sq ft"
BUILDER,3,1833 ,Krishnarajapura,Under Construction,1.28 Cr,"7,000 / sq ft"
BUILDER,1,739 ,Brookefield,Under Construction,50.44 L,"6,826 / sq ft"
BUILDER,2,1238 ,Whitefield Hope Farm Junction,Under Construction,75.84 L,"6,126 / sq ft"
BUILDER,4,3197 ,Sarjapur Road Post Railway Crossing,Under Construction,2.56 Cr,"8,024 / sq ft"
BUILDER,2,1100 ,Kengeri,Under Construction,51.92 L,"4,720 / sq ft"
BUILDER,2,835 ,Jakkur,Under Construction,71.48 L,"8,560 / sq ft"
BUILDER,3,1410 ,Attibele,Under Construction,63.32 L,"4,491 / sq ft"
BUILDER,3,2000 ,Sarjapur,Under Construction,1.18 Cr,"5,900 / sq ft"
BUILDER,3,2350 ,Kogilu,Ready to move,1.52 Cr,"6,500 / sq ft"
BUILDER,3,2150 ,Krishnarajapura,Under Construction,1.41 Cr,"6,558 / sq ft"
BUILDER,2,1178 ,Budigere Cross,Under Construction,69.52 L,"5,902 / sq ft"
BUILDER,3,1605 ,Krishnarajapura,Under Construction,1.05 Cr,"6,600 / sq ft"
BUILDER,3,1470 ,Kannamangala,Under Construction,80.85 L,"5,500 / sq ft"
BUILDER,Residential Plot,2750 ,Bagalur,New,31.81 L,"1,157 / sq ft"
BUILDER,3,1605 ,Jalahalli,Under Construction,1.13 Cr,"7,093 / sq ft"
BUILDER,2,1113 ,Ramamurthy Nagar,Under Construction,57.87 L,"5,200 / sq ft"
BUILDER,2,1320 ,Yelahanka,Under Construction,61.91 L,"4,690 / sq ft"
BUILDER,Residential Plot,4000 ,Marsur,New,1.44 Cr,"3,622 / sq ft"
BUILDER,3,1769 ,Anjanapura,Under Construction,91.39 L,"5,166 / sq ft"
BUILDER,3,1711 ,Kadugodi,Ready to move,80.39 L,"4,698 / sq ft"
BUILDER,3,1440 ,Electronic City Phase 1,Ready to move,83.62 L,"5,806 / sq ft"
BUILDER,2,800 ,Anekal City,Under Construction,39.5 L,"4,937 / sq ft"
BUILDER,3,1440 ,Kengeri,Ready to move,74.88 L,"5,200 / sq ft"
BUILDER,3,1706 ,Marathahalli,Ready to move,1.34 Cr,"7,900 / sq ft"
BUILDER,2,1310 ,Bagaluru Near Yelahanka,Under Construction,68.38 L,"5,220 / sq ft"
BUILDER,2,1110 ,Varthur,Under Construction,58.83 L,"5,300 / sq ft"
BUILDER,3,1585 ,Seshadripuram,Ready to move,1 Cr,"6,309 / sq ft"
BUILDER,3,1430 ,Marathahalli,Under Construction,75.37 L,"5,270 / sq ft"
BUILDER,Residential Plot,1453 ,Koramangala,New,37.96 L,"2,613 / sq ft"
BUILDER,3,1540 ,Whitefield Hope Farm Junction,Ready to move,98.05 L,"6,366 / sq ft"
BUILDER,3,1726 ,Hosa Road,Under Construction,96.03 L,"5,564 / sq ft"
BUILDER,3,1203 ,Electronic City Phase 1,Under Construction,36.09 L,"3,000 / sq ft"
BUILDER,3,1442 ,Jalahalli,Under Construction,85.83 L,"5,952 / sq ft"
BUILDER,3,2289 ,JP Nagar Phase 7,Ready to move,2.45 Cr,"10,734 / sq ft"
BUILDER,4,4387 ,Harlur,Ready to move,3.47 Cr,"7,929 / sq ft"
BUILDER,3,2690 ,Chandapura,Under Construction,1.26 Cr,"4,696 / sq ft"
BUILDER,3,877 ,Harlur,Under Construction,67.09 L,"7,650 / sq ft"
BUILDER,1,423 ,Whitefield Hope Farm Junction,Under Construction,18.61 L,"4,400 / sq ft"
BUILDER,4,2469 ,Narayanaghatta,Under Construction,1.54 Cr,"6,250 / sq ft"
BUILDER,4,3335 ,Hebbal,Ready to move,3.36 Cr,"10,104 / sq ft"
BUILDER,2,1050 ,Thanisandra,Ready to move,68.23 L,"6,498 / sq ft"
BUILDER,2,1145 ,Avalahalli Off Sarjapur Road,Ready to move,61.52 L,"5,373 / sq ft"
BUILDER,3,1883 ,Krishnarajapura,Under Construction,1.31 Cr,"7,000 / sq ft"
BUILDER,3,1640 ,Brookefield,Under Construction,1.05 Cr,"6,419 / sq ft"
BUILDER,2,1172 ,Whitefield Hope Farm Junction,Under Construction,72.21 L,"6,161 / sq ft"
BUILDER,3,1569 ,Sarjapur Road Post Railway Crossing,Under Construction,1.11 Cr,"7,085 / sq ft"
BUILDER,2,995 ,Kengeri,Under Construction,52.01 L,"5,227 / sq ft"
BUILDER,2,834 ,Jakkur,Under Construction,71.38 L,"8,559 / sq ft"
BUILDER,2,1075 ,Attibele,Under Construction,49.28 L,"4,585 / sq ft"
BUILDER,3,1740 ,Sarjapur,Under Construction,89.99 L,"5,171 / sq ft"
BUILDER,3,2215 ,Kogilu,Ready to move,1.43 Cr,"6,500 / sq ft"
BUILDER,3,1650 ,Krishnarajapura,Under Construction,98.4 L,"5,963 / sq ft"
BUILDER,2,1178 ,Budigere Cross,Under Construction,69.52 L,"5,902 / sq ft"
BUILDER,3,2215 ,Krishnarajapura,Under Construction,1.46 Cr,"6,600 / sq ft"
BUILDER,2,1175 ,Kannamangala,Under Construction,64.62 L,"5,500 / sq ft"
BUILDER,Residential Plot,2000 ,Bagalur,New,23.24 L,"1,162 / sq ft"
BUILDER,3,1505 ,Jalahalli,Under Construction,1.06 Cr,"7,109 / sq ft"
BUILDER,2,1228 ,Ramamurthy Nagar,Under Construction,63.85 L,"5,200 / sq ft"
BUILDER,3,1248 ,Yelahanka,Under Construction,58.81 L,"4,713 / sq ft"
BUILDER,Residential Plot,2800 ,Marsur,New,1.02 Cr,"3,651 / sq ft"
BUILDER,2,1238 ,Anjanapura,Under Construction,64.7 L,"5,226 / sq ft"
BUILDER,2,1251 ,Kadugodi,Ready to move,60.13 L,"4,806 / sq ft"
BUILDER,2,1080 ,Electronic City Phase 1,Ready to move,62.65 L,"5,800 / sq ft"
BUILDER,2,800 ,Anekal City,Under Construction,39.5 L,"4,937 / sq ft"
BUILDER,3,1702 ,Kengeri,Ready to move,88.5 L,"5,200 / sq ft"
BUILDER,3,1742 ,Marathahalli,Ready to move,1.37 Cr,"7,900 / sq ft"
BUILDER,2,1310 ,Bagaluru Near Yelahanka,Under Construction,68.38 L,"5,220 / sq ft"
BUILDER,3,1445 ,Varthur,Under Construction,76.58 L,"5,300 / sq ft"
BUILDER,2,1210 ,Seshadripuram,Ready to move,75 L,"6,198 / sq ft"
BUILDER,2,1105 ,Marathahalli,Under Construction,58.5 L,"5,294 / sq ft"
BUILDER,3,1933 ,Nayandahalli,Under Construction,1.48 Cr,"7,674 / sq ft"
BUILDER,2,1425 ,Whitefield Hope Farm Junction,Ready to move,91.43 L,"6,416 / sq ft"
BUILDER,3,1725 ,Hosa Road,Under Construction,95.98 L,"5,564 / sq ft"
BUILDER,2,965 ,Electronic City Phase 1,Under Construction,28.95 L,"3,000 / sq ft"
BUILDER,3,1384 ,Jalahalli,Under Construction,82.57 L,"5,966 / sq ft"
BUILDER,4,2503 ,JP Nagar Phase 7,Ready to move,2.68 Cr,"10,734 / sq ft"
BUILDER,4,2629 ,Harlur,Ready to move,2.11 Cr,"8,054 / sq ft"
BUILDER,3,2225 ,Chandapura,Under Construction,98.76 L,"4,439 / sq ft"
BUILDER,3,963 ,Whitefield Hope Farm Junction,Under Construction,42.37 L,"4,400 / sq ft"
BUILDER,4,2597 ,Narayanaghatta,Under Construction,1.55 Cr,"5,999 / sq ft"
BUILDER,4,3880 ,Hebbal,Ready to move,3.9 Cr,"10,058 / sq ft"
BUILDER,3,1350 ,Thanisandra,Ready to move,86.01 L,"6,371 / sq ft"
BUILDER,3,1462 ,Avalahalli Off Sarjapur Road,Ready to move,76.67 L,"5,244 / sq ft"
BUILDER,3,1827 ,Krishnarajapura,Under Construction,1.27 Cr,"7,000 / sq ft"
BUILDER,3,1639 ,Brookefield,Under Construction,1.05 Cr,"6,420 / sq ft"
BUILDER,2,1122 ,Whitefield Hope Farm Junction,Under Construction,69.46 L,"6,190 / sq ft"
AGENT,2,1177 ,Hennur,Under Construction,65 L,"5,522 / sq ft"
AGENT,3,1410 ,Hennur,Under Construction,76.62 L,"5,434 / sq ft"
AGENT,2,1240 ,Hennur,Under Construction,68.14 L,"5,495 / sq ft"
AGENT,2,1177 ,Hennur,Under Construction,65 L,"5,522 / sq ft"
AGENT,2,1187 ,Hennur,Under Construction,65.5 L,"5,518 / sq ft"
AGENT,3,1410 ,Hennur,Under Construction,76.62 L,"5,434 / sq ft"
AGENT,2,1150 ,Hennur,Under Construction,63.65 L,"5,535 / sq ft"
AGENT,2,1240 ,Hennur,Under Construction,68.14 L,"5,495 / sq ft"
AGENT,3,1360 ,Hennur,Under Construction,74.13 L,"5,450 / sq ft"
AGENT,2,1187 ,Hennur,Under Construction,65.5 L,"5,518 / sq ft"
AGENT,2,1150 ,Hennur,Under Construction,63.65 L,"5,535 / sq ft"
AGENT,2,1235 ,Hennur,Under Construction,67.89 L,"5,497 / sq ft"
AGENT,3,1360 ,Hennur,Under Construction,74.13 L,"5,450 / sq ft"
AGENT,2,1234 ,Hennur,Under Construction,67.84 L,"5,498 / sq ft"
AGENT,2,1235 ,Hennur,Under Construction,67.89 L,"5,497 / sq ft"
AGENT,2,1234 ,Hennur,Under Construction,67.84 L,"5,498 / sq ft"
AGENT,2,1134 ,Hennur,Under Construction,62.85 L,"5,543 / sq ft"
AGENT,2,1134 ,Hennur,Under Construction,62.85 L,"5,543 / sq ft"
AGENT,2,1133 ,Hennur,Under Construction,62.8 L,"5,543 / sq ft"
AGENT,2,1133 ,Hennur,Under Construction,62.8 L,"5,543 / sq ft"
AGENT,2,1100 ,Hennur,Under Construction,61.16 L,"5,560 / sq ft"
AGENT,2,1100 ,Hennur,Under Construction,61.16 L,"5,560 / sq ft"
AGENT,2,966 ,Nelamangala,Ready to move,44.14 L,"4,569 / sq ft"
AGENT,3,2850 ,Sahakar Nagar,Ready to move,3.5 Cr,"12,280 / sq ft"
AGENT,3,1286 ,Nelamangala,Ready to move,71 L,"5,520 / sq ft"
AGENT,2,1250 ,RR Nagar,Ready to move,50 L,"4,000 / sq ft"
AGENT,3,1650 ,RR Nagar,Ready to move,70.09 L,"4,247 / sq ft"
AGENT,3,1650 ,RR Nagar,Ready to move,70.09 L,"4,247 / sq ft"
AGENT,2,1250 ,RR Nagar,Ready to move,50 L,"4,000 / sq ft"
AGENT,2,1250 ,RR Nagar,Ready to move,50 L,"4,000 / sq ft"
AGENT,2,1250 ,RR Nagar,Ready to move,50 L,"4,000 / sq ft"
AGENT,2,1250 ,RR Nagar,Ready to move,50 L,"4,000 / sq ft"
AGENT,2,1250 ,RR Nagar,Ready to move,50 L,"4,000 / sq ft"
AGENT,2,1250 ,RR Nagar,Ready to move,50 L,"4,000 / sq ft"
AGENT,2,1250 ,RR Nagar,Ready to move,50 L,"4,000 / sq ft"
AGENT,2,854 ,Hosur,Ready to move,25 L,"2,927 / sq ft"
AGENT,2,991 ,Hosur,Ready to move,28.5 L,"2,875 / sq ft"
AGENT,3,2040 ,Talaghattapura,Under Construction,1.8 Cr,"8,823 / sq ft"
AGENT,2,1296 ,Talaghattapura,Under Construction,1.06 Cr,"8,179 / sq ft"
AGENT,3,1500 ,Talaghattapura,Under Construction,1.22 Cr,"8,133 / sq ft"
AGENT,2,918 ,Hosur,Ready to move,26.2 L,"2,854 / sq ft"
AGENT,2,918 ,Hosur,Ready to move,26 L,"2,832 / sq ft"
AGENT,2,975 ,Kogilu,Under Construction,39.6 L,"4,061 / sq ft"
AGENT,1,645 ,Kogilu,Under Construction,27.97 L,"4,336 / sq ft"
AGENT,Residential Plot,1500 ,Avalahalli Off Sarjapur Road,New,77 L,"5,133 / sq ft"
AGENT,Residential Plot,1200 ,Avalahalli Off Sarjapur Road,New,54 L,"4,500 / sq ft"
AGENT,5,3206 ,Budigere Cross,Under Construction,2 Cr,"6,238 / sq ft"
AGENT,5,4113 ,Budigere Cross,Under Construction,2.64 Cr,"6,418 / sq ft"
AGENT,5,2714 ,Budigere Cross,Under Construction,1.68 Cr,"6,190 / sq ft"
AGENT,4,2217 ,Budigere Cross,Under Construction,1.34 Cr,"6,044 / sq ft"
AGENT,5,3902 ,Budigere Cross,Under Construction,2.5 Cr,"6,406 / sq ft"
AGENT,4,2075 ,Budigere Cross,Under Construction,1.07 Cr,"5,199 / sq ft"
AGENT,2,1306 ,Talaghattapura,Ready to move,90 L,"6,891 / sq ft"
AGENT,Residential Plot,1200 ,Budigere,New,11.97 L,998 / sq ft
AGENT,Residential Plot,600 ,Baglur,New,5.98 L,998 / sq ft
OWNER,2,1300 ,Ganganagar,Ready to move,99 L,"7,615 / sq ft"
OWNER,2,1400 ,byatarayanapura,Ready to move,91 L,"6,500 / sq ft"
OWNER,2,1400 ,byatarayanapura,Ready to move,91 L,"6,500 / sq ft"
OWNER,2,1400 ,byatarayanapura,Ready to move,91 L,"6,500 / sq ft"
OWNER,2,1400 ,byatarayanapura,Ready to move,91 L,"6,500 / sq ft"
OWNER,2,1400 ,byatarayanapura,Ready to move,91 L,"6,500 / sq ft"
OWNER,2,1400 ,byatarayanapura,Ready to move,91 L,"6,500 / sq ft"
OWNER,2,1400 ,byatarayanapura,Ready to move,91 L,"6,500 / sq ft"
OWNER,2,1400 ,byatarayanapura,Ready to move,91 L,"6,500 / sq ft"
OWNER,4,3240 ,Kothanur,Ready to move,1.65 Cr,"5,092 / sq ft"
OWNER,4,2617 ,Carmelaram,Ready to move,1.8 Cr,"6,878 / sq ft"
OWNER,3,1400 ,Narayanapura Hennur Main Road,Ready to move,58 L,"4,142 / sq ft"
OWNER,3,1400 ,Narayanapura Hennur Main Road,Ready to move,58 L,"4,142 / sq ft"
OWNER,2,1400 ,byatarayanapura,Ready to move,91 L,"6,500 / sq ft"
OWNER,2,1400 ,byatarayanapura,Ready to move,91 L,"6,500 / sq ft"
OWNER,2,1400 ,byatarayanapura,Ready to move,91 L,"6,500 / sq ft"
OWNER,2,1400 ,byatarayanapura,Ready to move,91 L,"6,500 / sq ft"
OWNER,2,1400 ,byatarayanapura,Ready to move,91 L,"6,500 / sq ft"
OWNER,2,1400 ,byatarayanapura,Ready to move,91 L,"6,500 / sq ft"
OWNER,2,1400 ,byatarayanapura,Ready to move,91 L,"6,500 / sq ft"
OWNER,4,3240 ,Kothanur,Ready to move,1.65 Cr,"5,092 / sq ft"
OWNER,2,2400 ,Yelahanka New Town,Ready to move,45 L,"1,875 / sq ft"
OWNER,2,1200 ,Yelahanka New Town,Ready to move,45 L,"3,750 / sq ft"
OWNER,3,3863 ,Narayanaghatta,Ready to move,3.07 Cr,"7,951 / sq ft"
OWNER,4,3863 ,Narayanaghatta,Ready to move,2.68 Cr,"6,937 / sq ft"
OWNER,3,1180 ,Doddaballapur,Ready to move,38 L,"3,220 / sq ft"
OWNER,5,5000 ,Koramangala,Ready to move,15 Cr,"30,000 / sq ft"
OWNER,5,2800 ,Rajajinagar,Ready to move,2.85 Cr,"10,178 / sq ft"
OWNER,2,1200 ,Yelahanka New Town,Ready to move,47 L,"3,916 / sq ft"
OWNER,2,2400 ,Yelahanka New Town,Ready to move,45 L,"1,875 / sq ft"
OWNER,3,1360 ,Anjanapura,Ready to move,60 L,"4,411 / sq ft"
OWNER,3,1360 ,Anjanapura,Ready to move,60 L,"4,411 / sq ft"
OWNER,3,1350 ,Electronic City Phase 2,Ready to move,56 L,"4,148 / sq ft"
OWNER,5,1800 ,hongasandra bangalore,Ready to move,1.2 Cr,"6,666 / sq ft"
OWNER,5,5000 ,Koramangala,Ready to move,15 Cr,"30,000 / sq ft"
OWNER,5,5000 ,Koramangala,Ready to move,15 Cr,"30,000 / sq ft"
OWNER,5,5000 ,Koramangala,Ready to move,15 Cr,"30,000 / sq ft"
OWNER,6,3600 ,Uttarahalli Hobli,Ready to move,1.35 Cr,"3,750 / sq ft"
OWNER,2,1045 ,Marsur,Ready to move,45 L,"4,306 / sq ft"
OWNER,3,1771 ,Byrathi,Under Construction,1.06 Cr,"5,985 / sq ft"
OWNER,3,1771 ,Byrathi,Under Construction,1.06 Cr,"5,985 / sq ft"
OWNER,2,1240 ,JP Nagar Phase 5,Ready to move,74 L,"5,967 / sq ft"
OWNER,2,1240 ,JP Nagar Phase 5,Ready to move,74 L,"5,967 / sq ft"
OWNER,2,1240 ,JP Nagar Phase 5,Ready to move,74 L,"5,967 / sq ft"
OWNER,2,1240 ,JP Nagar Phase 5,Ready to move,74 L,"5,967 / sq ft"
OWNER,3,1771 ,Byrathi,Under Construction,1.06 Cr,"5,985 / sq ft"
OWNER,3,1771 ,Byrathi,Under Construction,1.06 Cr,"5,985 / sq ft"
OWNER,3,1771 ,Byrathi,Under Construction,1.06 Cr,"5,985 / sq ft"
OWNER,3,1771 ,Byrathi,Under Construction,1.06 Cr,"5,985 / sq ft"
OWNER,3,1771 ,Byrathi,Under Construction,1.06 Cr,"5,985 / sq ft"
OWNER,3,1771 ,Byrathi,Under Construction,1.06 Cr,"5,985 / sq ft"
OWNER,3,1771 ,Byrathi,Under Construction,1.06 Cr,"5,985 / sq ft"
OWNER,3,1771 ,Byrathi,Under Construction,1.06 Cr,"5,985 / sq ft"
OWNER,3,1771 ,Byrathi,Under Construction,1.06 Cr,"5,985 / sq ft"
OWNER,3,1771 ,Byrathi,Under Construction,1.06 Cr,"5,985 / sq ft"
OWNER,3,1771 ,Byrathi,Under Construction,1.06 Cr,"5,985 / sq ft"
OWNER,2,1172 ,Varthur,Ready to move,80 L,"6,825 / sq ft"
OWNER,2,1172 ,Varthur,Ready to move,80 L,"6,825 / sq ft"
OWNER,2,1172 ,Varthur,Ready to move,80 L,"6,825 / sq ft"
OWNER,2,1172 ,Varthur,Ready to move,80 L,"6,825 / sq ft"
OWNER,2,1172 ,Varthur,Ready to move,80 L,"6,825 / sq ft"
OWNER,2,1172 ,Varthur,Ready to move,80 L,"6,825 / sq ft"
OWNER,2,1172 ,Varthur,Ready to move,80 L,"6,825 / sq ft"
OWNER,2,1172 ,Varthur,Ready to move,80 L,"6,825 / sq ft"
OWNER,3,1771 ,Byrathi,Under Construction,1.06 Cr,"5,985 / sq ft"
OWNER,3,1771 ,Byrathi,Under Construction,1.06 Cr,"5,985 / sq ft"
OWNER,3,1771 ,Byrathi,Under Construction,1.06 Cr,"5,985 / sq ft"
OWNER,3,1771 ,Byrathi,Under Construction,1.06 Cr,"5,985 / sq ft"
OWNER,3,1771 ,Byrathi,Under Construction,1.06 Cr,"5,985 / sq ft"
OWNER,3,1771 ,Byrathi,Under Construction,1.06 Cr,"5,985 / sq ft"
OWNER,3,1771 ,Byrathi,Under Construction,1.06 Cr,"5,985 / sq ft"
OWNER,3,1771 ,Byrathi,Under Construction,1.06 Cr,"5,985 / sq ft"
OWNER,3,1771 ,Byrathi,Under Construction,1.06 Cr,"5,985 / sq ft"
OWNER,3,1771 ,Byrathi,Under Construction,1.06 Cr,"5,985 / sq ft"
OWNER,3,1771 ,Byrathi,Under Construction,1.06 Cr,"5,985 / sq ft"
OWNER,3,1771 ,Byrathi,Under Construction,1.06 Cr,"5,985 / sq ft"
OWNER,3,1771 ,Byrathi,Under Construction,1.06 Cr,"5,985 / sq ft"
OWNER,3,1771 ,Byrathi,Under Construction,1.06 Cr,"5,985 / sq ft"
OWNER,2,1172 ,Varthur,Ready to move,80 L,"6,825 / sq ft"
OWNER,2,1172 ,Varthur,Ready to move,80 L,"6,825 / sq ft"
OWNER,3,1771 ,Byrathi,Under Construction,1.06 Cr,"5,985 / sq ft"
OWNER,3,1771 ,Byrathi,Under Construction,1.06 Cr,"5,985 / sq ft"
OWNER,3,1771 ,Byrathi,Under Construction,1.06 Cr,"5,985 / sq ft"
OWNER,3,1771 ,Byrathi,Under Construction,1.06 Cr,"5,985 / sq ft"
OWNER,3,1771 ,Byrathi,Under Construction,1.06 Cr,"5,985 / sq ft"
OWNER,3,1360 ,Anjanapura,Ready to move,60 L,"4,411 / sq ft"
OWNER,2,1250 ,Nagarbhavi,Ready to move,65 L,"5,200 / sq ft"
OWNER,3,1950 ,Rajajinagar,Ready to move,2.9 Cr,"14,871 / sq ft"
OWNER,2,1087 ,Chikballapur,Ready to move,75 L,"6,899 / sq ft"
OWNER,11,7500 ,Kammasandra,Ready to move,2.25 Cr,"3,000 / sq ft"
OWNER,2,1250 ,Nagarbhavi,Ready to move,65 L,"5,200 / sq ft"
OWNER,3,2400 ,Chikballapur,Ready to move,1.35 Cr,"5,625 / sq ft"
OWNER,7,6500 ,HSR Layout,Ready to move,9.6 Cr,"14,769 / sq ft"
OWNER,2,980 ,Murugesh Palya,Ready to move,69 L,"7,040 / sq ft"
OWNER,2,959 ,Kengeri,Under Construction,40 L,"4,171 / sq ft"
OWNER,2,850 ,Jalahalli,Ready to move,34 L,"4,000 / sq ft"
OWNER,2,1175 ,Kengeri,Ready to move,65 L,"5,531 / sq ft"
OWNER,2,990 ,JP Nagar Phase 8,Ready to move,55 L,"5,555 / sq ft"
OWNER,3,2260 ,Yeshwantpur,Ready to move,2.1 Cr,"9,292 / sq ft"
OWNER,Residential Plot,1200 ,Attibele,Resale,29 L,"2,416 / sq ft"
OWNER,3,1352 ,Lingarajapuram,Ready to move,95 L,"7,026 / sq ft"
OWNER,3,1995 ,Kalyan Nagar,Ready to move,1.4 Cr,"7,017 / sq ft"
OWNER,3,750 ,Vijayanagar,Ready to move,1.35 Cr,"18,000 / sq ft"
OWNER,Residential Plot,2400 ,Sarjapur,Resale,1.04 Cr,"4,351 / sq ft"
OWNER,4,4346 ,Bagaluru Near Yelahanka,Ready to move,4.6 Cr,"10,584 / sq ft"
OWNER,4,4346 ,Bagaluru Near Yelahanka,Ready to move,4.6 Cr,"10,584 / sq ft"
OWNER,4,4346 ,Bagaluru Near Yelahanka,Ready to move,4.6 Cr,"10,584 / sq ft"
OWNER,4,4346 ,Bagaluru Near Yelahanka,Ready to move,4.6 Cr,"10,584 / sq ft"
OWNER,4,4346 ,Bagaluru Near Yelahanka,Ready to move,4.6 Cr,"10,584 / sq ft"
OWNER,4,4346 ,Bagaluru Near Yelahanka,Ready to move,4.6 Cr,"10,584 / sq ft"
OWNER,4,4346 ,Bagaluru Near Yelahanka,Ready to move,4.6 Cr,"10,584 / sq ft"
OWNER,4,4346 ,Bagaluru Near Yelahanka,Ready to move,4.6 Cr,"10,584 / sq ft"
OWNER,4,4346 ,Bagaluru Near Yelahanka,Ready to move,4.6 Cr,"10,584 / sq ft"
OWNER,2,1065 ,Krishnarajapura,Ready to move,49.52 L,"4,650 / sq ft"
OWNER,4,4346 ,Bagaluru Near Yelahanka,Ready to move,4.6 Cr,"10,584 / sq ft"
OWNER,4,4346 ,Bagaluru Near Yelahanka,Ready to move,4.6 Cr,"10,584 / sq ft"
OWNER,4,4346 ,Bagaluru Near Yelahanka,Ready to move,4.6 Cr,"10,584 / sq ft"
OWNER,4,4346 ,Bagaluru Near Yelahanka,Ready to move,4.6 Cr,"10,584 / sq ft"
OWNER,4,4346 ,Bagaluru Near Yelahanka,Ready to move,4.6 Cr,"10,584 / sq ft"
OWNER,4,4346 ,Bagaluru Near Yelahanka,Ready to move,4.6 Cr,"10,584 / sq ft"
OWNER,4,4346 ,Bagaluru Near Yelahanka,Ready to move,4.6 Cr,"10,584 / sq ft"
OWNER,4,4346 ,Bagaluru Near Yelahanka,Ready to move,4.6 Cr,"10,584 / sq ft"
OWNER,4,4346 ,Bagaluru Near Yelahanka,Ready to move,4.6 Cr,"10,584 / sq ft"
OWNER,4,4346 ,Bagaluru Near Yelahanka,Ready to move,4.6 Cr,"10,584 / sq ft"
OWNER,4,4346 ,Bagaluru Near Yelahanka,Ready to move,4.6 Cr,"10,584 / sq ft"
OWNER,4,4346 ,Bagaluru Near Yelahanka,Ready to move,4.6 Cr,"10,584 / sq ft"
OWNER,2,1065 ,Krishnarajapura,Ready to move,49.52 L,"4,650 / sq ft"
OWNER,Residential Plot,1200 ,Ramohalli,Resale,16.2 L,"1,350 / sq ft"
OWNER,Residential Plot,1200 ,Kengeri Hobli,Resale,35.98 L,"2,998 / sq ft"
OWNER,3,2275 ,Bangalore City Municipal Corporation Layout,Ready to move,1.1 Cr,"4,835 / sq ft"
OWNER,3,2275 ,Subramanyapura,Ready to move,1.1 Cr,"4,835 / sq ft"
OWNER,3,2275 ,Bangalore City Municipal Corporation Layout,Ready to move,1.1 Cr,"4,835 / sq ft"
OWNER,3,2275 ,Bangalore City Municipal Corporation Layout,Ready to move,1.1 Cr,"4,835 / sq ft"
OWNER,3,2275 ,Subramanyapura,Ready to move,1.1 Cr,"4,835 / sq ft"
OWNER,3,2275 ,Subramanyapura,Ready to move,1.1 Cr,"4,835 / sq ft"
OWNER,3,2275 ,Subramanyapura,Ready to move,1.1 Cr,"4,835 / sq ft"
OWNER,3,2275 ,Subramanyapura,Ready to move,1.1 Cr,"4,835 / sq ft"
OWNER,3,2275 ,Subramanyapura,Ready to move,1.1 Cr,"4,835 / sq ft"
OWNER,3,2275 ,Subramanyapura,Ready to move,1.1 Cr,"4,835 / sq ft"
OWNER,3,2275 ,Subramanyapura,Ready to move,1.1 Cr,"4,835 / sq ft"
OWNER,3,2275 ,Subramanyapura,Ready to move,1.1 Cr,"4,835 / sq ft"
OWNER,3,2275 ,Subramanyapura,Ready to move,1.1 Cr,"4,835 / sq ft"
OWNER,3,2275 ,Subramanyapura,Ready to move,1.1 Cr,"4,835 / sq ft"
OWNER,3,2275 ,Subramanyapura,Ready to move,1.1 Cr,"4,835 / sq ft"
OWNER,3,2275 ,Bangalore City Municipal Corporation Layout,Ready to move,1.1 Cr,"4,835 / sq ft"
OWNER,3,2275 ,Bangalore City Municipal Corporation Layout,Ready to move,1.1 Cr,"4,835 / sq ft"
OWNER,3,2275 ,Bangalore City Municipal Corporation Layout,Ready to move,1.1 Cr,"4,835 / sq ft"
OWNER,3,2275 ,Bangalore City Municipal Corporation Layout,Ready to move,1.1 Cr,"4,835 / sq ft"
OWNER,3,2275 ,Subramanyapura,Ready to move,1.1 Cr,"4,835 / sq ft"
OWNER,3,2275 ,Subramanyapura,Ready to move,1.1 Cr,"4,835 / sq ft"
OWNER,3,2275 ,Subramanyapura,Ready to move,1.1 Cr,"4,835 / sq ft"
OWNER,3,2275 ,Subramanyapura,Ready to move,1.1 Cr,"4,835 / sq ft"
OWNER,3,2275 ,Subramanyapura,Ready to move,1.1 Cr,"4,835 / sq ft"
OWNER,3,2275 ,Subramanyapura,Ready to move,1.1 Cr,"4,835 / sq ft"
OWNER,3,2275 ,Subramanyapura,Ready to move,1.1 Cr,"4,835 / sq ft"
OWNER,3,2275 ,Subramanyapura,Ready to move,1.1 Cr,"4,835 / sq ft"
OWNER,3,2275 ,Subramanyapura,Ready to move,1.1 Cr,"4,835 / sq ft"
OWNER,3,2275 ,Subramanyapura,Ready to move,1.1 Cr,"4,835 / sq ft"
OWNER,3,2275 ,Subramanyapura,Ready to move,1.1 Cr,"4,835 / sq ft"
OWNER,3,2275 ,Bangalore City Municipal Corporation Layout,Ready to move,1.1 Cr,"4,835 / sq ft"
OWNER,3,2275 ,Subramanyapura,Ready to move,1.1 Cr,"4,835 / sq ft"
OWNER,3,2275 ,Subramanyapura,Ready to move,1.1 Cr,"4,835 / sq ft"
OWNER,3,1905 ,BTM Layout,Ready to move,95 L,"4,986 / sq ft"
OWNER,3,1905 ,BTM Layout,Ready to move,95 L,"4,986 / sq ft"
OWNER,3,1623 ,Rajajinagar,Ready to move,1.2 Cr,"7,393 / sq ft"
OWNER,3,1623 ,Rajajinagar,Ready to move,1.2 Cr,"7,393 / sq ft"
OWNER,3,1623 ,Rajajinagar,Ready to move,1.2 Cr,"7,393 / sq ft"
OWNER,3,1623 ,Rajajinagar,Ready to move,1.2 Cr,"7,393 / sq ft"
OWNER,3,1623 ,Rajajinagar,Ready to move,1.2 Cr,"7,393 / sq ft"
AGENT,Residential Plot,12000 ,Electronic City Phase 1,Resale,18 Cr,"15,000 / sq ft"
OWNER,2,1250 ,Begur,Ready to move,55 L,"4,400 / sq ft"
OWNER,2,1250 ,Begur,Ready to move,55 L,"4,400 / sq ft"
OWNER,2,1250 ,Begur,Ready to move,55 L,"4,400 / sq ft"
OWNER,2,1250 ,Begur,Ready to move,55 L,"4,400 / sq ft"
OWNER,6,2800 ,Bendre Nagar,Ready to move,3.8 Cr,"13,571 / sq ft"
OWNER,6,2800 ,Bendre Nagar,Ready to move,3.8 Cr,"13,571 / sq ft"
OWNER,2,1090 ,Begur,Ready to move,40 L,"3,669 / sq ft"
OWNER,2,910 ,Talaghattapura,Under Construction,52 L,"5,714 / sq ft"
OWNER,6,2800 ,Bendre Nagar,Ready to move,3.8 Cr,"13,571 / sq ft"
OWNER,2,2700 ,Murugeshpalya,Ready to move,1.5 Cr,"5,555 / sq ft"
OWNER,3,1280 ,Horamavu,Ready to move,72 L,"5,625 / sq ft"
OWNER,3,1280 ,Horamavu,Ready to move,72 L,"5,625 / sq ft"
OWNER,3,1280 ,Horamavu,Ready to move,72 L,"5,625 / sq ft"
OWNER,3,1280 ,Horamavu,Ready to move,72 L,"5,625 / sq ft"
OWNER,3,1280 ,Horamavu,Ready to move,72 L,"5,625 / sq ft"
OWNER,3,1280 ,Horamavu,Ready to move,72 L,"5,625 / sq ft"
OWNER,3,1280 ,Horamavu,Ready to move,72 L,"5,625 / sq ft"
OWNER,2,2700 ,Murugeshpalya,Ready to move,1.5 Cr,"5,555 / sq ft"
OWNER,3,1280 ,Horamavu,Ready to move,72 L,"5,625 / sq ft"
OWNER,3,1280 ,Horamavu,Ready to move,72 L,"5,625 / sq ft"
OWNER,3,1280 ,Horamavu,Ready to move,72 L,"5,625 / sq ft"
OWNER,3,1280 ,Horamavu,Ready to move,72 L,"5,625 / sq ft"
OWNER,3,1280 ,Horamavu,Ready to move,72 L,"5,625 / sq ft"
OWNER,3,1280 ,Horamavu,Ready to move,72 L,"5,625 / sq ft"
OWNER,3,1280 ,Horamavu,Ready to move,72 L,"5,625 / sq ft"
OWNER,3,1832 ,Kalyan Nagar,Ready to move,1.65 Cr,"9,006 / sq ft"
OWNER,2,1350 ,Vidyaranyapura,Under Construction,56 L,"4,148 / sq ft"
OWNER,2,1350 ,Vidyaranyapura,Under Construction,56 L,"4,148 / sq ft"
OWNER,3,1500 ,Kalyan Nagar,Ready to move,59 L,"3,933 / sq ft"
OWNER,3,1350 ,Vidyaranyapura,Under Construction,1 Cr,"7,407 / sq ft"
OWNER,3,1350 ,Vidyaranyapura,Under Construction,1 Cr,"7,407 / sq ft"
OWNER,3,1854 ,Jakkur,Ready to move,1.15 Cr,"6,202 / sq ft"
OWNER,3,1854 ,Jakkur,Ready to move,1.15 Cr,"6,202 / sq ft"
OWNER,3,1087 ,Sarjapur Road Post Railway Crossing,Under Construction,56 L,"5,151 / sq ft"
OWNER,3,1087 ,Sarjapur Road Post Railway Crossing,Under Construction,56 L,"5,151 / sq ft"
OWNER,3,1087 ,Sarjapur Road Post Railway Crossing,Under Construction,56 L,"5,151 / sq ft"
OWNER,4,4350 ,Ullal Uppanagar,Ready to move,2.75 Cr,"6,333 / sq ft"
OWNER,2,1150 ,Kacharakanahalli,Ready to move,72 L,"6,260 / sq ft"
OWNER,2,1150 ,Kacharakanahalli,Ready to move,72 L,"6,260 / sq ft"
OWNER,4,2470 ,Sahakar Nagar,Ready to move,2.65 Cr,"10,728 / sq ft"
OWNER,3,1827 ,Krishnarajapura,Ready to move,1.5 Cr,"8,210 / sq ft"
OWNER,4,2470 ,Sahakar Nagar,Ready to move,2.7 Cr,"10,931 / sq ft"
OWNER,4,2470 ,Sahakar Nagar,Ready to move,2.7 Cr,"10,931 / sq ft"
OWNER,3,1512 ,Hennur,Under Construction,55 L,"3,637 / sq ft"
OWNER,3,1512 ,Hennur,Under Construction,55 L,"3,637 / sq ft"
OWNER,3,1515 ,Hennur,Under Construction,59 L,"3,894 / sq ft"
OWNER,2,1134 ,Kalyan Nagar,Ready to move,55 L,"4,850 / sq ft"
OWNER,2,1134 ,Kalyan Nagar,Ready to move,55 L,"4,850 / sq ft"
OWNER,2,1134 ,Kalyan Nagar,Ready to move,55 L,"4,850 / sq ft"
OWNER,3,1512 ,Hennur,Under Construction,55 L,"3,637 / sq ft"
OWNER,3,1512 ,Hennur,Under Construction,59 L,"3,902 / sq ft"
OWNER,3,1515 ,Hennur,Under Construction,59 L,"3,894 / sq ft"
OWNER,2,1134 ,Kalyan Nagar,Ready to move,55 L,"4,850 / sq ft"
OWNER,2,1134 ,Kalyan Nagar,Ready to move,55 L,"4,850 / sq ft"
OWNER,2,1134 ,Kalyan Nagar,Ready to move,55 L,"4,850 / sq ft"
OWNER,2,1134 ,Kalyan Nagar,Ready to move,55 L,"4,850 / sq ft"
OWNER,2,1134 ,Kalyan Nagar,Ready to move,55 L,"4,850 / sq ft"
OWNER,2,1134 ,Kalyan Nagar,Ready to move,55 L,"4,850 / sq ft"
OWNER,2,1134 ,Kalyan Nagar,Ready to move,55 L,"4,850 / sq ft"
OWNER,2,1134 ,Kalyan Nagar,Ready to move,55 L,"4,850 / sq ft"
OWNER,2,1134 ,Kalyan Nagar,Ready to move,55 L,"4,850 / sq ft"
OWNER,2,1134 ,Kalyan Nagar,Ready to move,55 L,"4,850 / sq ft"
OWNER,2,1134 ,Kalyan Nagar,Ready to move,55 L,"4,850 / sq ft"
OWNER,3,1512 ,Hennur,Under Construction,55 L,"3,637 / sq ft"
OWNER,3,1512 ,Hennur,Under Construction,55 L,"3,637 / sq ft"
OWNER,3,1515 ,Hennur,Under Construction,59 L,"3,894 / sq ft"
OWNER,3,1512 ,Hennur,Under Construction,55 L,"3,637 / sq ft"
OWNER,3,1512 ,Hennur,Under Construction,55 L,"3,637 / sq ft"
OWNER,3,1512 ,Hennur,Under Construction,55 L,"3,637 / sq ft"
OWNER,4,2470 ,Sahakar Nagar,Ready to move,2.65 Cr,"10,728 / sq ft"
OWNER,3,1827 ,Krishnarajapura,Ready to move,1.5 Cr,"8,210 / sq ft"
OWNER,4,2470 ,Sahakar Nagar,Ready to move,2.7 Cr,"10,931 / sq ft"
OWNER,4,2470 ,Sahakar Nagar,Ready to move,2.7 Cr,"10,931 / sq ft"
OWNER,Residential Plot,1800 ,Mallathahalli,Resale,1.21 Cr,"6,750 / sq ft"
OWNER,4,4300 ,Attiguppe,Ready to move,3.8 Cr,"8,837 / sq ft"
OWNER,4,1730 ,Frazer Town,Ready to move,1.3 Cr,"7,514 / sq ft"
OWNER,2,1381 ,Whitefield Hope Farm Junction,Ready to move,1.04 Cr,"7,530 / sq ft"
OWNER,4,3000 ,Annapurneshwari Nagar,Ready to move,1.9 Cr,"6,333 / sq ft"
OWNER,4,3000 ,Annapurneshwari Nagar,Ready to move,1.9 Cr,"6,333 / sq ft"
OWNER,4,3000 ,Annapurneshwari Nagar,Ready to move,1.9 Cr,"6,333 / sq ft"
OWNER,4,3000 ,Annapurneshwari Nagar,Ready to move,1.9 Cr,"6,333 / sq ft"
OWNER,4,3000 ,Annapurneshwari Nagar,Ready to move,1.9 Cr,"6,333 / sq ft"
OWNER,4,3000 ,Annapurneshwari Nagar,Ready to move,1.9 Cr,"6,333 / sq ft"
OWNER,4,3000 ,Annapurneshwari Nagar,Ready to move,1.9 Cr,"6,333 / sq ft"
OWNER,4,3000 ,Annapurneshwari Nagar,Ready to move,1.9 Cr,"6,333 / sq ft"
OWNER,4,3000 ,Annapurneshwari Nagar,Ready to move,1.9 Cr,"6,333 / sq ft"
OWNER,4,3000 ,Annapurneshwari Nagar,Ready to move,1.9 Cr,"6,333 / sq ft"
OWNER,4,3000 ,Annapurneshwari Nagar,Ready to move,1.9 Cr,"6,333 / sq ft"
OWNER,4,3000 ,Annapurneshwari Nagar,Ready to move,1.9 Cr,"6,333 / sq ft"
OWNER,4,3000 ,Annapurneshwari Nagar,Ready to move,1.9 Cr,"6,333 / sq ft"
OWNER,4,3000 ,Annapurneshwari Nagar,Ready to move,1.9 Cr,"6,333 / sq ft"
OWNER,4,3000 ,Annapurneshwari Nagar,Ready to move,1.9 Cr,"6,333 / sq ft"
OWNER,4,3000 ,Annapurneshwari Nagar,Ready to move,1.9 Cr,"6,333 / sq ft"
OWNER,4,3000 ,Annapurneshwari Nagar,Ready to move,1.9 Cr,"6,333 / sq ft"
OWNER,4,3000 ,Annapurneshwari Nagar,Ready to move,1.9 Cr,"6,333 / sq ft"
OWNER,5,1600 ,Cheemasandra,Under Construction,65 L,"4,062 / sq ft"
OWNER,5,1600 ,Cheemasandra,Under Construction,65 L,"4,062 / sq ft"
OWNER,3,1486 ,Horamavu,Ready to move,81 L,"5,450 / sq ft"
OWNER,5,1600 ,Cheemasandra,Under Construction,65 L,"4,062 / sq ft"
OWNER,5,1600 ,Cheemasandra,Under Construction,65 L,"4,062 / sq ft"
OWNER,5,1600 ,Cheemasandra,Under Construction,65 L,"4,062 / sq ft"
OWNER,Residential Plot,2400 ,NRI Layout,Resale,1.35 Cr,"5,625 / sq ft"
OWNER,Residential Plot,2400 ,NRI Layout,Resale,1.35 Cr,"5,625 / sq ft"
OWNER,Residential Plot,2400 ,NRI Layout,Resale,1.35 Cr,"5,625 / sq ft"
AGENT,1,1086 ,Dasarahalli on Tumkur Road,Ready to move,59 L,"5,432 / sq ft"
AGENT,2,1629 ,Krishnarajapura,Ready to move,99.6 L,"6,114 / sq ft"
AGENT,1,1086 ,Dasarahalli on Tumkur Road,Ready to move,59 L,"5,432 / sq ft"
AGENT,1,1086 ,Dasarahalli on Tumkur Road,Under Construction,62 L,"5,709 / sq ft"
AGENT,2,1629 ,Krishnarajapura,Ready to move,99.6 L,"6,114 / sq ft"
AGENT,1,1314 ,Krishnarajapura,Ready to move,77.92 L,"5,929 / sq ft"
AGENT,2,1629 ,Krishnarajapura,Ready to move,99.6 L,"6,114 / sq ft"
AGENT,1,1314 ,Krishnarajapura,Ready to move,77.92 L,"5,929 / sq ft"
AGENT,2,1629 ,Krishnarajapura,Ready to move,99.6 L,"6,114 / sq ft"
AGENT,1,1314 ,Krishnarajapura,Ready to move,77.92 L,"5,929 / sq ft"
AGENT,2,1629 ,Krishnarajapura,Ready to move,99.6 L,"6,114 / sq ft"
AGENT,1,1314 ,Krishnarajapura,Ready to move,77.92 L,"5,929 / sq ft"
AGENT,2,1629 ,Krishnarajapura,Ready to move,99.6 L,"6,114 / sq ft"
AGENT,1,1314 ,Krishnarajapura,Ready to move,77.92 L,"5,929 / sq ft"
AGENT,1,1086 ,Dasarahalli on Tumkur Road,Under Construction,62 L,"5,709 / sq ft"
AGENT,1,1086 ,Dasarahalli on Tumkur Road,Under Construction,62 L,"5,709 / sq ft"
AGENT,1,1086 ,Dasarahalli on Tumkur Road,Under Construction,62 L,"5,709 / sq ft"
AGENT,2,1629 ,Krishnarajapura,Ready to move,99.6 L,"6,114 / sq ft"
AGENT,1,1314 ,Krishnarajapura,Ready to move,77.92 L,"5,929 / sq ft"
OWNER,2,1375 ,Indira Nagar,Ready to move,75 L,"5,454 / sq ft"
OWNER,2,1258 ,Padmanabha Nagar,Ready to move,48 L,"3,815 / sq ft"
OWNER,5,4700 ,Kodipur,Ready to move,3 Cr,"6,382 / sq ft"
OWNER,5,4700 ,Kodipur,Ready to move,3 Cr,"6,382 / sq ft"
OWNER,5,4700 ,Kodipur,Ready to move,3 Cr,"6,382 / sq ft"
OWNER,5,4700 ,Kodipur,Ready to move,3 Cr,"6,382 / sq ft"
OWNER,5,4700 ,Kodipur,Ready to move,3 Cr,"6,382 / sq ft"
OWNER,5,4700 ,Kodipur,Ready to move,3 Cr,"6,382 / sq ft"
OWNER,5,4700 ,Kodipur,Ready to move,3 Cr,"6,382 / sq ft"
OWNER,5,4700 ,Kodipur,Ready to move,3 Cr,"6,382 / sq ft"
OWNER,5,4700 ,Kodipur,Ready to move,3 Cr,"6,382 / sq ft"
OWNER,5,4700 ,Kodipur,Ready to move,3 Cr,"6,382 / sq ft"
AGENT,1,1086 ,Dasarahalli on Tumkur Road,Ready to move,59 L,"5,432 / sq ft"
AGENT,1,1086 ,Dasarahalli on Tumkur Road,Ready to move,59 L,"5,432 / sq ft"
AGENT,1,1086 ,Dasarahalli on Tumkur Road,Ready to move,59 L,"5,432 / sq ft"
AGENT,1,1086 ,Dasarahalli on Tumkur Road,Ready to move,59 L,"5,432 / sq ft"
AGENT,1,1086 ,Dasarahalli on Tumkur Road,Ready to move,59 L,"5,432 / sq ft"
AGENT,1,1086 ,Dasarahalli on Tumkur Road,Ready to move,62 L,"5,709 / sq ft"
AGENT,1,1086 ,Dasarahalli on Tumkur Road,Ready to move,59 L,"5,432 / sq ft"
AGENT,1,1086 ,Dasarahalli on Tumkur Road,Ready to move,59 L,"5,432 / sq ft"
AGENT,1,1086 ,Dasarahalli on Tumkur Road,Ready to move,62 L,"5,709 / sq ft"
OWNER,3,1410 ,Gottigere,Ready to move,70.5 L,"5,000 / sq ft"
OWNER,5,3000 ,Narayanapura Hennur Main Road,Ready to move,1.05 Cr,"3,500 / sq ft"
OWNER,8,5000 ,R.K. Hegde Nagar,Under Construction,2.35 Cr,"4,700 / sq ft"
OWNER,2,3900 ,Padmanabhanagar,Ready to move,2 Cr,"5,128 / sq ft"
OWNER,3,1410 ,Gottigere,Ready to move,70.5 L,"5,000 / sq ft"
OWNER,3,1410 ,Gottigere,Ready to move,70.5 L,"5,000 / sq ft"
OWNER,3,1410 ,Gottigere,Ready to move,70.5 L,"5,000 / sq ft"
OWNER,3,1410 ,Gottigere,Ready to move,70.5 L,"5,000 / sq ft"
OWNER,8,5000 ,R.K. Hegde Nagar,Under Construction,2.35 Cr,"4,700 / sq ft"
OWNER,5,3000 ,Narayanapura Hennur Main Road,Ready to move,1.05 Cr,"3,500 / sq ft"
OWNER,3,1410 ,Gottigere,Ready to move,70.5 L,"5,000 / sq ft"
OWNER,2,1175 ,Nagarathpet,Ready to move,1.1 Cr,"9,361 / sq ft"
OWNER,2,960 ,Narayanapura Hennur Main Road,Ready to move,45 L,"4,687 / sq ft"
OWNER,3,1424 ,Kannamangala,Under Construction,1.1 Cr,"7,724 / sq ft"
OWNER,2,1172 ,Varthur,Ready to move,80 L,"6,825 / sq ft"
OWNER,3,1424 ,Kannamangala,Under Construction,1.1 Cr,"7,724 / sq ft"
OWNER,2,1172 ,Varthur,Ready to move,80 L,"6,825 / sq ft"
OWNER,3,1424 ,Kannamangala,Under Construction,1.1 Cr,"7,724 / sq ft"
OWNER,2,1172 ,Varthur,Ready to move,80 L,"6,825 / sq ft"
OWNER,2,1172 ,Varthur,Ready to move,80 L,"6,825 / sq ft"
OWNER,2,1172 ,Varthur,Ready to move,80 L,"6,825 / sq ft"
OWNER,3,1424 ,Kannamangala,Under Construction,1.1 Cr,"7,724 / sq ft"
OWNER,2,1172 ,Varthur,Ready to move,80 L,"6,825 / sq ft"
OWNER,3,1424 ,Kannamangala,Under Construction,1.1 Cr,"7,724 / sq ft"
OWNER,3,1007 ,Horamavu,Ready to move,1.2 Cr,"11,916 / sq ft"
OWNER,3,1750 ,Horamavu,Ready to move,1.2 Cr,"6,857 / sq ft"
OWNER,Residential Plot,1200 ,Begur,Resale,87 L,"7,250 / sq ft"
OWNER,Residential Plot,600 ,Kumaraswamy Layout,Resale,66 L,"11,000 / sq ft"
OWNER,1,1000 ,Chikkalasandra,Ready to move,85 L,"8,500 / sq ft"
OWNER,1,1000 ,Chikkalasandra,Ready to move,85 L,"8,500 / sq ft"
OWNER,1,1000 ,Chikkalasandra,Ready to move,85 L,"8,500 / sq ft"
OWNER,1,1000 ,Chikkalasandra,Ready to move,85 L,"8,500 / sq ft"
OWNER,Residential Plot,2400 ,Jakkur,Resale,2.12 Cr,"8,854 / sq ft"
OWNER,Residential Plot,2400 ,Jakkur,Resale,2.12 Cr,"8,854 / sq ft"
OWNER,Residential Plot,3000 ,Guddadahalli,Resale,3.5 Cr,"11,666 / sq ft"
OWNER,Residential Plot,3000 ,Guddadahalli,Resale,3.5 Cr,"11,666 / sq ft"
OWNER,3,1010 ,Electronic City Phase 2,Under Construction,66 L,"6,534 / sq ft"
OWNER,3,2400 ,Begur,Under Construction,48 L,"2,000 / sq ft"
OWNER,3,1670 ,Budigere,Ready to move,98 L,"5,868 / sq ft"
OWNER,2,1314 ,Kadugodi,Ready to move,1.05 Cr,"7,990 / sq ft"
OWNER,2,1146 ,Kengeri,Ready to move,46 L,"4,013 / sq ft"
OWNER,10,8280 ,Kengeri Satellite Town,Ready to move,4.4 Cr,"5,314 / sq ft"
OWNER,3,1430 ,Jayanagar,Ready to move,1.3 Cr,"9,090 / sq ft"
OWNER,3,1455 ,Gottigere,Ready to move,71 L,"4,879 / sq ft"
OWNER,5,4200 ,Magadi,Ready to move,1 Cr,"2,380 / sq ft"
OWNER,3,1075 ,Doddaballapur,Ready to move,30 L,"2,790 / sq ft"
OWNER,3,1500 ,Vidyaranyapura,Under Construction,65 L,"4,333 / sq ft"
OWNER,10,4000 ,Kalyan Nagar,Ready to move,2.4 Cr,"6,000 / sq ft"
OWNER,2,2030 ,Krishnarajapura,Ready to move,1.4 Cr,"6,896 / sq ft"
OWNER,2,1127 ,New Thippasandra,Ready to move,68 L,"6,033 / sq ft"
AGENT,3,1660 ,Kengeri,Under Construction,95 L,"5,722 / sq ft"
AGENT,2,1321 ,Kengeri,Under Construction,66 L,"4,996 / sq ft"
OWNER,5,5000 ,Koramangala,Ready to move,12.3 Cr,"24,600 / sq ft"
OWNER,2,1150 ,Hebbal,Ready to move,70 L,"6,086 / sq ft"
OWNER,3,2035 ,Domlur,Ready to move,2.2 Cr,"10,810 / sq ft"
OWNER,Residential Plot,2400 ,Kengeri Satellite Town,Resale,4.3 Cr,"17,916 / sq ft"
OWNER,2,1125 ,Gottigere,Ready to move,59.06 L,"5,250 / sq ft"
OWNER,3,3200 ,Vidyamanya Nagar,Ready to move,1.25 Cr,"3,906 / sq ft"
OWNER,3,1600 ,Horamavu,Ready to move,85 L,"5,312 / sq ft"
OWNER,Residential Plot,1200 ,Sunkadakatte,Resale,84 L,"7,000 / sq ft"
OWNER,2,1257 ,Mathikere,Ready to move,80 L,"6,364 / sq ft"
OWNER,3,1410 ,Gottigere,Ready to move,70.5 L,"5,000 / sq ft"
AGENT,Residential Plot,1200 ,Devanahalli,New,29.99 L,"2,499 / sq ft"
OWNER,4,2423 ,Kogilu,Under Construction,1.9 Cr,"7,841 / sq ft"
OWNER,6,2400 ,Kalyan Nagar,Ready to move,1.6 Cr,"6,666 / sq ft"
OWNER,4,1800 ,JP Nagar Phase 9,Ready to move,92 L,"5,111 / sq ft"
OWNER,2,1169 ,Begur,Ready to move,62.99 L,"5,389 / sq ft"
OWNER,Residential Plot,1200 ,Electronic City Phase II,Resale,66 L,"5,500 / sq ft"
OWNER,1,700 ,Uttarahalli,Ready to move,38 L,"5,428 / sq ft"
OWNER,3,1425 ,Chikkasandra,Ready to move,69 L,"4,842 / sq ft"
OWNER,2,1200 ,Kaggadasapura,Under Construction,1.02 Cr,"8,500 / sq ft"
OWNER,2,1160 ,CV Raman Nagar,Ready to move,56.99 L,"4,913 / sq ft"
OWNER,5,3700 ,Gnana bharathi,Ready to move,2.4 Cr,"6,486 / sq ft"
OWNER,3,1200 ,Hosakerehalli,Ready to move,81 L,"6,750 / sq ft"
OWNER,3,1374 ,Electronic City Phase 1,Ready to move,85 L,"6,186 / sq ft"
OWNER,2,1000 ,Krishnarajapura,Ready to move,40 L,"4,000 / sq ft"
OWNER,2,1025 ,Kaggadasapura,Ready to move,44.9 L,"4,380 / sq ft"
OWNER,2,1350 ,Kartik Nagar,Ready to move,50 L,"3,703 / sq ft"
AGENT,2,900 ,Kodipalya,Ready to move,33 L,"3,666 / sq ft"
OWNER,2,1146 ,Anekal City,Under Construction,39.49 L,"3,445 / sq ft"
OWNER,Residential Plot,1200 ,Malur,Resale,15 L,"1,250 / sq ft"
OWNER,Residential Plot,1500 ,Kaggalipura,Resale,33 L,"2,200 / sq ft"
OWNER,3,1540 ,Kalyan Nagar,Ready to move,1.13 Cr,"7,337 / sq ft"
OWNER,Residential Plot,13000 ,Tharalu,Resale,1.2 Cr,923 / sq ft
OWNER,6,4000 ,Subramanyapura,Under Construction,1.69 Cr,"4,225 / sq ft"
AGENT,4,5000 ,RR Nagar,Ready to move,2.7 Cr,"5,400 / sq ft"
AGENT,2,1726 ,Talaghattapura,Ready to move,75.35 L,"4,365 / sq ft"
AGENT,3,3350 ,RR Nagar,Under Construction,2.3 Cr,"6,865 / sq ft"
AGENT,4,5000 ,RR Nagar,Under Construction,3.35 Cr,"6,700 / sq ft"
OWNER,4,1600 ,Ulsoor,Ready to move,85 L,"5,312 / sq ft"
OWNER,10,4300 ,Mahadevapura,Ready to move,1.69 Cr,"3,930 / sq ft"
OWNER,7,4000 ,Jalahalli West,Ready to move,1.5 Cr,"3,750 / sq ft"
OWNER,2,1450 ,Hoskote,Ready to move,55 L,"3,793 / sq ft"
OWNER,5,2350 ,Medahalli,Ready to move,95 L,"4,042 / sq ft"
OWNER,5,2300 ,Medahalli,Ready to move,95 L,"4,130 / sq ft"
OWNER,2,1035 ,Hesaraghatta,Ready to move,37 L,"3,574 / sq ft"
OWNER,2,1222 ,Sarjapur Road Post Railway Crossing,Ready to move,87 L,"7,119 / sq ft"
OWNER,Residential Plot,1860 ,Kaggadasapura,Resale,1.58 Cr,"8,500 / sq ft"
OWNER,5,4000 ,Benson Town,Ready to move,4.4 Cr,"11,000 / sq ft"
OWNER,3,2000 ,Ullal Uppanagar,Ready to move,96 L,"4,800 / sq ft"
OWNER,2,1200 ,Attibele,Ready to move,29 L,"2,416 / sq ft"
AGENT,Residential Plot,680 ,Kalyan Nagar,Resale,85 L,"12,500 / sq ft"
OWNER,2,1241 ,Whitefield,Ready to move,69 L,"5,560 / sq ft"
OWNER,3,1525 ,Jayanagar,Ready to move,1.65 Cr,"10,819 / sq ft"
OWNER,1,468 ,Kengeri Satellite Town,Ready to move,60.84 L,"13,000 / sq ft"
OWNER,2,1085 ,Electronic City Phase 1,Ready to move,33 L,"3,041 / sq ft"
AGENT,3,2200 ,Sunkalpalya,Ready to move,1.15 Cr,"5,227 / sq ft"
AGENT,4,4300 ,Banashankari,Ready to move,3.9 Cr,"9,069 / sq ft"
AGENT,2,2400 ,Chikkalasandra,Ready to move,75 L,"3,125 / sq ft"
AGENT,4,4000 ,Subramanyapura,Ready to move,2.1 Cr,"5,250 / sq ft"
AGENT,3,2200 ,Sunkalpalya,Ready to move,1.2 Cr,"5,454 / sq ft"
AGENT,3,2000 ,Vajarahalli,Ready to move,95 L,"4,750 / sq ft"
OWNER,2,1080 ,Electronic City Phase 1,Ready to move,25 L,"2,314 / sq ft"
OWNER,3,1515 ,Hosa Road,Ready to move,1.25 Cr,"8,250 / sq ft"
OWNER,2,1175 ,Electronic City Phase 1,Ready to move,70.3 L,"5,982 / sq ft"
OWNER,3,2500 ,RMV Extension Stage 2,Under Construction,2.65 Cr,"10,600 / sq ft"
OWNER,2,1192 ,ITPL,Ready to move,87 L,"7,298 / sq ft"
OWNER,2,1157 ,Hulimavu,Ready to move,52 L,"4,494 / sq ft"
OWNER,4,4300 ,Mullur,Ready to move,1.8 Cr,"4,186 / sq ft"
OWNER,2,1010 ,Junnasandra,Ready to move,56 L,"5,544 / sq ft"
OWNER,3,1960 ,Whitefield Hope Farm Junction,Ready to move,1.5 Cr,"7,653 / sq ft"
OWNER,2,1160 ,JP Nagar Phase 8,Ready to move,62 L,"5,344 / sq ft"
OWNER,2,980 ,Vibhutipura,Ready to move,45 L,"4,591 / sq ft"
OWNER,Residential Plot,1200 ,Singasandra,Resale,1.2 Cr,"10,000 / sq ft"
AGENT,3,1800 ,Hosakerehalli,Ready to move,97 L,"5,388 / sq ft"
AGENT,3,1800 ,Hemmigepura,Ready to move,82 L,"4,555 / sq ft"
OWNER,3,2000 ,Hosur,Ready to move,79.8 L,"3,990 / sq ft"
OWNER,3,2285 ,byatarayanapura,Ready to move,1.5 Cr,"6,564 / sq ft"
OWNER,2,872 ,Thanisandra,Ready to move,35 L,"4,013 / sq ft"
OWNER,3,1271 ,Jakkur,Under Construction,57.19 L,"4,500 / sq ft"
OWNER,4,3200 ,Bommasandra,Ready to move,1.3 Cr,"4,062 / sq ft"
OWNER,Residential Plot,2400 ,Devanahalli,Resale,75 L,"3,125 / sq ft"
AGENT,4,2266 ,Kannamangala,Under Construction,1.58 Cr,"6,985 / sq ft"
AGENT,3,1906 ,Kannamangala,Under Construction,1.3 Cr,"6,821 / sq ft"
AGENT,3,1366 ,Kannamangala,Under Construction,92.99 L,"6,808 / sq ft"
AGENT,3,1765 ,Mahadevapura,Under Construction,1.14 Cr,"6,490 / sq ft"
AGENT,2,1365 ,Mahadevapura,Under Construction,88.58 L,"6,490 / sq ft"
AGENT,3,2000 ,Mahadevapura,Under Construction,1.29 Cr,"6,490 / sq ft"
AGENT,2,1345 ,Mahadevapura,Under Construction,87.29 L,"6,490 / sq ft"
AGENT,3,1999 ,Mahadevapura,Under Construction,1.29 Cr,"6,490 / sq ft"
AGENT,3,1475 ,Mahadevapura,Under Construction,95.72 L,"6,490 / sq ft"
AGENT,3,2007 ,Mahadevapura,Under Construction,1.3 Cr,"6,490 / sq ft"
AGENT,3,2010 ,Mahadevapura,Under Construction,1.3 Cr,"6,490 / sq ft"
AGENT,3,1995 ,Mahadevapura,Under Construction,1.29 Cr,"6,490 / sq ft"
AGENT,3,1835 ,Mahadevapura,Under Construction,1.19 Cr,"6,490 / sq ft"
AGENT,2,1444 ,Mahadevapura,Under Construction,93.71 L,"6,490 / sq ft"
AGENT,3,1839 ,Mahadevapura,Under Construction,1.19 Cr,"6,490 / sq ft"
AGENT,3,2169 ,Mahadevapura,Under Construction,1.4 Cr,"6,490 / sq ft"
AGENT,3,2165 ,Mahadevapura,Under Construction,1.4 Cr,"6,490 / sq ft"
AGENT,2,1449 ,Mahadevapura,Under Construction,94.04 L,"6,490 / sq ft"
AGENT,3,2176 ,Mahadevapura,Under Construction,1.41 Cr,"6,490 / sq ft"
AGENT,3,2175 ,Mahadevapura,Under Construction,1.41 Cr,"6,490 / sq ft"
AGENT,3,2172 ,Mahadevapura,Under Construction,1.4 Cr,"6,490 / sq ft"
AGENT,3,1827 ,Mahadevapura,Under Construction,1.18 Cr,"6,490 / sq ft"
AGENT,3,1825 ,Mahadevapura,Under Construction,1.18 Cr,"6,490 / sq ft"
OWNER,2,1260 ,Hebbal,Ready to move,65 L,"5,158 / sq ft"
OWNER,3,1520 ,Jakkur,Ready to move,78 L,"5,131 / sq ft"
OWNER,3,1742 ,Talaghattapura,Ready to move,95 L,"5,453 / sq ft"
OWNER,3,2744 ,Jakkur,Ready to move,2.8 Cr,"10,204 / sq ft"
OWNER,Residential Plot,1440 ,Horamavu,Resale,64.8 L,"4,500 / sq ft"
OWNER,2,929 ,Subramanyapura,Ready to move,52 L,"5,597 / sq ft"
OWNER,3,1382 ,Kengeri,Ready to move,65.07 L,"4,708 / sq ft"
OWNER,3,1479 ,Kengeri,Ready to move,69.53 L,"4,701 / sq ft"
OWNER,2,1020 ,Kengeri,Ready to move,48.42 L,"4,747 / sq ft"
OWNER,3,1357 ,Kengeri,Ready to move,63.92 L,"4,710 / sq ft"
OWNER,5,5000 ,Nagarbhavi,Ready to move,3.35 Cr,"6,700 / sq ft"
OWNER,5,5000 ,Mallathahalli,Under Construction,3.35 Cr,"6,700 / sq ft"
OWNER,3,1440 ,JP Nagar Phase 7,Ready to move,83 L,"5,763 / sq ft"
OWNER,3,1410 ,Banashankari,Ready to move,96 L,"6,808 / sq ft"
OWNER,2,1050 ,Kaggadasapura,Ready to move,43 L,"4,095 / sq ft"
OWNER,2,1199 ,Ramamurthy Nagar,Under Construction,59 L,"4,920 / sq ft"
OWNER,2,1080 ,Anjanapura Township,Ready to move,44 L,"4,074 / sq ft"
OWNER,2,1100 ,Bilekahalli,Ready to move,80 L,"7,272 / sq ft"
OWNER,Residential Plot,600 ,Malur,Resale,6 L,"1,000 / sq ft"
OWNER,Residential Plot,1200 ,Malur,Resale,15 L,"1,250 / sq ft"
AGENT,Residential Plot,4000 ,Banashankari,Resale,7.9 Cr,"19,750 / sq ft"
AGENT,Residential Plot,3300 ,Uttarahalli Hobli,Resale,2.6 Cr,"7,878 / sq ft"
OWNER,2,1060 ,Sarjapur,Under Construction,30 L,"2,830 / sq ft"
OWNER,3,1689 ,Varthur,Under Construction,1.2 Cr,"7,104 / sq ft"
AGENT,4,5000 ,Banashankari,Ready to move,1.82 Cr,"3,640 / sq ft"
OWNER,3,1691 ,Kudlu Gate,Ready to move,2.5 Cr,"14,784 / sq ft"
OWNER,3,1291 ,JP Nagar Phase 7,Ready to move,88 L,"6,816 / sq ft"
OWNER,2,1000 ,Jakkur,Ready to move,42.5 L,"4,250 / sq ft"
OWNER,Residential Plot,1200 ,Dandupalya,Resale,26.4 L,"2,200 / sq ft"
OWNER,3,1534 ,Hebbal,Ready to move,65 L,"4,237 / sq ft"
OWNER,4,1225 ,JP Nagar Phase 6,Ready to move,65 L,"5,306 / sq ft"
OWNER,3,1800 ,JP Nagar Phase 7,Ready to move,80 L,"4,444 / sq ft"
OWNER,Residential Plot,1200 ,Nelamangala,Resale,19 L,"1,583 / sq ft"
OWNER,Residential Plot,1680 ,Kasavanahalli,Resale,1.25 Cr,"7,440 / sq ft"
OWNER,2,1448 ,Whitefield,Under Construction,48 L,"3,314 / sq ft"
OWNER,5,2100 ,J. P. Nagar,Ready to move,1.4 Cr,"6,666 / sq ft"
OWNER,3,1514 ,Bellandur,Ready to move,71 L,"4,689 / sq ft"
OWNER,2,1339 ,Koramangala,Under Construction,1.65 Cr,"12,322 / sq ft"
OWNER,Residential Plot,1500 ,HSR Layout,Resale,75 L,"5,000 / sq ft"
OWNER,3,1460 ,Jakkur,Ready to move,76 L,"5,205 / sq ft"
OWNER,2,1489 ,RMV,Ready to move,1.3 Cr,"8,730 / sq ft"
OWNER,3,1575 ,Sahakar Nagar,Ready to move,75 L,"4,761 / sq ft"
OWNER,3,1258 ,Whitefield,Under Construction,57 L,"4,531 / sq ft"
OWNER,2,900 ,Begur,Ready to move,38 L,"4,222 / sq ft"
OWNER,10,6000 ,J. P. Nagar,Ready to move,2.6 Cr,"4,333 / sq ft"
OWNER,Residential Plot,1200 ,Begur,Resale,72 L,"6,000 / sq ft"
OWNER,2,1100 ,Vidyaranyapura,Ready to move,52 L,"4,727 / sq ft"
OWNER,4,1250 ,Krishnarajapura,Ready to move,43 L,"3,440 / sq ft"
OWNER,3,2400 ,Brookefield,Ready to move,3.15 Cr,"13,125 / sq ft"
OWNER,4,1728 ,Ramamurthy Nagar,Under Construction,95 L,"5,497 / sq ft"
OWNER,4,1860 ,Subramanyapura,Ready to move,99 L,"5,322 / sq ft"
OWNER,3,1289 ,Gottigere,Ready to move,48 L,"3,723 / sq ft"
OWNER,3,1856 ,Thanisandra,Ready to move,1.35 Cr,"7,273 / sq ft"
OWNER,2,1120 ,Kengeri Satellite Town,Ready to move,38 L,"3,392 / sq ft"
OWNER,3,1350 ,RR Nagar,Ready to move,54 L,"4,000 / sq ft"
OWNER,2,1000 ,Mathikere,Ready to move,45 L,"4,500 / sq ft"
OWNER,Residential Plot,2260 ,Bilekahalli,Resale,2.4 Cr,"10,619 / sq ft"
OWNER,2,1130 ,Chinnapanna Halli,Ready to move,75 L,"6,637 / sq ft"
OWNER,2,1400 ,Whitefield,Ready to move,79.99 L,"5,714 / sq ft"
OWNER,3,1314 ,Varthur,Ready to move,60 L,"4,566 / sq ft"
OWNER,2,708 ,Nelamangala,Ready to move,38 L,"5,367 / sq ft"
OWNER,2,880 ,Jigani,Ready to move,35 L,"3,977 / sq ft"
OWNER,5,2000 ,Nayandahalli,Ready to move,1.9 Cr,"9,500 / sq ft"
OWNER,2,1089 ,Vidyaranyapura,Under Construction,58 L,"5,325 / sq ft"
OWNER,3,1425 ,Horamavu,Ready to move,50 L,"3,508 / sq ft"
OWNER,3,1650 ,New Thippasandra,Under Construction,3 Cr,"18,181 / sq ft"
OWNER,2,1049 ,Battarahalli,Ready to move,60 L,"5,719 / sq ft"
OWNER,2,1083 ,Krishnarajapura,Ready to move,63 L,"5,817 / sq ft"
OWNER,3,1250 ,Ejipura,Ready to move,1.3 Cr,"10,400 / sq ft"
OWNER,3,3000 ,Basaveswarnagar,Ready to move,3.75 Cr,"12,500 / sq ft"
OWNER,4,1800 ,Kengeri Satellite Town,Ready to move,98 L,"5,444 / sq ft"
OWNER,2,1004 ,Electronics City,Ready to move,46.5 L,"4,631 / sq ft"
OWNER,10,5000 ,Maraganahalli,Ready to move,1.55 Cr,"3,100 / sq ft"
OWNER,3,1655 ,Wilson Garden,Ready to move,1.4 Cr,"8,459 / sq ft"
OWNER,2,1004 ,Basapura,Ready to move,47 L,"4,681 / sq ft"
OWNER,2,1350 ,Vidyaranyapura,Ready to move,55 L,"4,074 / sq ft"
OWNER,2,1160 ,Kaggadasapura,Ready to move,55.99 L,"4,827 / sq ft"
OWNER,3,1951 ,Mallathahalli,Ready to move,1.15 Cr,"5,894 / sq ft"
OWNER,4,2440 ,Gottigere,Ready to move,2.2 Cr,"9,016 / sq ft"
OWNER,4,3662 ,Bommenahalli,Ready to move,3.75 Cr,"10,240 / sq ft"
OWNER,2,1004 ,Singasandra,Ready to move,47 L,"4,681 / sq ft"
OWNER,2,1000 ,Whitefield Hope Farm Junction,Ready to move,45 L,"4,500 / sq ft"
OWNER,5,4800 ,RR Nagar,Ready to move,2.8 Cr,"5,833 / sq ft"
OWNER,2,1311 ,K C Krishna Reddy Layout,Ready to move,85 L,"6,483 / sq ft"
OWNER,4,1311 ,K C Krishna Reddy Layout,Ready to move,85 L,"6,483 / sq ft"
OWNER,2,600 ,Dunnasandra,Under Construction,37 L,"6,166 / sq ft"
OWNER,2,1250 ,Banashankari,Ready to move,1 Cr,"8,000 / sq ft"
OWNER,3,1685 ,Varthur,Ready to move,89.3 L,"5,299 / sq ft"
OWNER,4,1180 ,NRI Layout,Ready to move,1.85 Cr,"15,677 / sq ft"
OWNER,2,900 ,Krishnarajapura,Ready to move,63 L,"7,000 / sq ft"
OWNER,2,1049 ,Battarahalli,Ready to move,60 L,"5,719 / sq ft"
OWNER,2,1083 ,Krishnarajapura,Ready to move,63 L,"5,817 / sq ft"
OWNER,3,1250 ,Ejipura,Ready to move,1.3 Cr,"10,400 / sq ft"
OWNER,3,3000 ,Basaveswarnagar,Ready to move,3.75 Cr,"12,500 / sq ft"
OWNER,2,1339 ,Battarahalli,Ready to move,71 L,"5,302 / sq ft"
OWNER,2,1350 ,Vidyaranyapura,Ready to move,55 L,"4,074 / sq ft"
OWNER,4,1750 ,Sarjapur,Under Construction,95 L,"5,428 / sq ft"
OWNER,2,1250 ,HSR Layout,Ready to move,66 L,"5,280 / sq ft"
OWNER,2,1060 ,Krishnarajapura,Ready to move,42.5 L,"4,009 / sq ft"
OWNER,3,1275 ,Krishnarajapura,Ready to move,52 L,"4,078 / sq ft"
OWNER,3,1545 ,CV Raman Nagar,Ready to move,69 L,"4,466 / sq ft"
OWNER,2,950 ,Bagalakunte,Ready to move,43 L,"4,526 / sq ft"
OWNER,3,1615 ,Jalahalli,Ready to move,75 L,"4,643 / sq ft"
OWNER,4,3500 ,Harlur,Ready to move,2.65 Cr,"7,571 / sq ft"
OWNER,2,1150 ,Hennur,Ready to move,49 L,"4,260 / sq ft"
OWNER,1,644 ,Begur,Ready to move,51 L,"7,919 / sq ft"
OWNER,2,2700 ,Shanti Nagar,Ready to move,2.5 Cr,"9,259 / sq ft"
OWNER,3,1518 ,Kuvempu Layout on Hennur Main Road,Ready to move,74.75 L,"4,924 / sq ft"
OWNER,3,1420 ,Brookefield,Ready to move,70 L,"4,929 / sq ft"
OWNER,3,1648 ,Indira Nagar,Ready to move,1.55 Cr,"9,405 / sq ft"
OWNER,10,4500 ,Abbigere,Ready to move,1.75 Cr,"3,888 / sq ft"
OWNER,6,3500 ,Abbigere,Ready to move,1.39 Cr,"3,984 / sq ft"
OWNER,2,1032 ,Kumaraswamy Layout,Ready to move,42 L,"4,069 / sq ft"
OWNER,3,1080 ,Kumbalgodu,Ready to move,52 L,"4,814 / sq ft"
OWNER,2,1280 ,RR Nagar,Ready to move,65 L,"5,078 / sq ft"
OWNER,3,1707 ,Kanakapura Road Beyond Nice Ring Road,Ready to move,1.3 Cr,"7,615 / sq ft"
OWNER,2,1247 ,Jakkur,Under Construction,62.5 L,"5,012 / sq ft"
OWNER,2,1060 ,Sarjapur,Under Construction,30 L,"2,830 / sq ft"
OWNER,2,1050 ,Kadugodi Industrial Area,Under Construction,42.37 L,"4,035 / sq ft"
OWNER,4,2800 ,Munnekollal,Ready to move,5.5 Cr,"19,642 / sq ft"
OWNER,3,1188 ,Basaveswarnagar,Ready to move,85 L,"7,154 / sq ft"
OWNER,2,770 ,Jnana Ganga Nagar,Under Construction,48 L,"6,233 / sq ft"
OWNER,2,1170 ,Hosa Road,Ready to move,69 L,"5,897 / sq ft"
OWNER,4,4500 ,Nagarbhavi,Under Construction,2.35 Cr,"5,222 / sq ft"
OWNER,2,922 ,RMV Extension Stage 2,Ready to move,43 L,"4,663 / sq ft"
OWNER,2,1025 ,RR Nagar,Ready to move,47 L,"4,585 / sq ft"
OWNER,2,990 ,Krishnarajapura,Ready to move,50 L,"5,050 / sq ft"
OWNER,4,3000 ,Vasanth Nagar,Ready to move,4.35 Cr,"14,500 / sq ft"
OWNER,2,900 ,Indira Nagar,Ready to move,72.9 L,"8,100 / sq ft"
OWNER,3,1875 ,Kasturi Nagar,Ready to move,1.1 Cr,"5,866 / sq ft"
OWNER,2,1150 ,Hennur,Ready to move,49 L,"4,260 / sq ft"
OWNER,2,1050 ,Yelahanka,Under Construction,50 L,"4,761 / sq ft"
OWNER,2,1050 ,Yelahanka,Under Construction,50 L,"4,761 / sq ft"
OWNER,1,810 ,JP Nagar Phase 7,Ready to move,55 L,"6,790 / sq ft"
OWNER,3,1475 ,Gottigere,Ready to move,85 L,"5,762 / sq ft"
OWNER,3,2000 ,Horamavu,Ready to move,1.4 Cr,"7,000 / sq ft"
OWNER,2,975 ,Begur,Ready to move,43 L,"4,410 / sq ft"
OWNER,3,1550 ,Vidyaranyapura,Ready to move,90 L,"5,806 / sq ft"
OWNER,2,1170 ,Hosa Road,Ready to move,69 L,"5,897 / sq ft"
OWNER,2,922 ,RMV Extension Stage 2,Ready to move,43 L,"4,663 / sq ft"
OWNER,3,1648 ,Indira Nagar,Ready to move,1.55 Cr,"9,405 / sq ft"
OWNER,10,4500 ,Abbigere,Ready to move,1.75 Cr,"3,888 / sq ft"
OWNER,6,3500 ,Abbigere,Ready to move,1.39 Cr,"3,984 / sq ft"
OWNER,2,1032 ,Kumaraswamy Layout,Ready to move,42 L,"4,069 / sq ft"
OWNER,3,1080 ,Kumbalgodu,Ready to move,52 L,"4,814 / sq ft"
OWNER,2,1280 ,RR Nagar,Ready to move,65 L,"5,078 / sq ft"
OWNER,3,1707 ,Kanakapura Road Beyond Nice Ring Road,Ready to move,1.3 Cr,"7,615 / sq ft"
OWNER,3,1315 ,BTM Layout,Ready to move,60 L,"4,562 / sq ft"
OWNER,2,1050 ,Yelahanka,Under Construction,50 L,"4,761 / sq ft"
OWNER,2,1050 ,Yelahanka,Under Construction,50 L,"4,761 / sq ft"
OWNER,1,810 ,JP Nagar Phase 7,Ready to move,55 L,"6,790 / sq ft"
OWNER,3,1475 ,Gottigere,Ready to move,85 L,"5,762 / sq ft"
OWNER,2,1050 ,Kadugodi Industrial Area,Under Construction,42.37 L,"4,035 / sq ft"
OWNER,3,1340 ,Abbigere,Ready to move,70 L,"5,223 / sq ft"
OWNER,4,5100 ,Frazer Town,Ready to move,7.5 Cr,"14,705 / sq ft"
OWNER,3,1633 ,Shivaji Nagar,Ready to move,2.03 Cr,"12,477 / sq ft"
OWNER,4,2440 ,Gottigere,Ready to move,2.2 Cr,"9,016 / sq ft"
OWNER,4,3662 ,Bommenahalli,Ready to move,3.75 Cr,"10,240 / sq ft"
OWNER,4,5100 ,Frazer Town,Ready to move,7.5 Cr,"14,705 / sq ft"
OWNER,3,1633 ,Shivaji Nagar,Ready to move,2.03 Cr,"12,477 / sq ft"
OWNER,3,1200 ,Electronics City,Ready to move,50 L,"4,166 / sq ft"
OWNER,3,1000 ,Electronics City,Under Construction,36.85 L,"3,685 / sq ft"
OWNER,4,2800 ,Munnekollal,Ready to move,5.5 Cr,"19,642 / sq ft"
OWNER,3,1188 ,Basaveswarnagar,Ready to move,85 L,"7,154 / sq ft"
OWNER,2,770 ,Jnana Ganga Nagar,Under Construction,48 L,"6,233 / sq ft"
OWNER,3,1933 ,Mahadevapura,Ready to move,1.9 Cr,"9,829 / sq ft"
OWNER,3,1545 ,CV Raman Nagar,Ready to move,69 L,"4,466 / sq ft"
OWNER,3,1615 ,Jalahalli,Ready to move,75 L,"4,643 / sq ft"
OWNER,3,1340 ,Abbigere,Ready to move,70 L,"5,223 / sq ft"
OWNER,2,957 ,Medahalli,Ready to move,42 L,"4,388 / sq ft"
OWNER,2,1165 ,Yelahanka,Ready to move,58 L,"4,978 / sq ft"
OWNER,2,922 ,RMV Extension Stage 2,Ready to move,43 L,"4,663 / sq ft"
OWNER,2,929 ,Uttarahalli Hobli,Ready to move,54 L,"5,812 / sq ft"
OWNER,3,1330 ,Ulsoor,Ready to move,1.75 Cr,"13,157 / sq ft"
OWNER,2,1050 ,Yelahanka,Under Construction,50 L,"4,761 / sq ft"
OWNER,2,1050 ,Yelahanka,Under Construction,50 L,"4,761 / sq ft"
OWNER,3,1715 ,Yelahanka,Ready to move,1.01 Cr,"5,889 / sq ft"
OWNER,3,1340 ,Abbigere,Ready to move,70 L,"5,223 / sq ft"
OWNER,4,5100 ,Frazer Town,Ready to move,7.5 Cr,"14,705 / sq ft"
OWNER,3,1633 ,Shivaji Nagar,Ready to move,2.03 Cr,"12,477 / sq ft"
OWNER,3,2100 ,Banaswadi,Under Construction,1.69 Cr,"8,095 / sq ft"
OWNER,3,2100 ,Banaswadi,Under Construction,1.7 Cr,"8,095 / sq ft"
OWNER,1,1000 ,Yelahanka,Ready to move,38.5 L,"3,850 / sq ft"
OWNER,2,1167 ,Chickpet,Ready to move,45 L,"3,856 / sq ft"
OWNER,3,1050 ,JP Nagar Phase 8,Ready to move,65 L,"6,190 / sq ft"
OWNER,2,1050 ,JP Nagar Phase 8,Ready to move,65 L,"6,190 / sq ft"
OWNER,2,800 ,Krishnarajapura,Ready to move,1.3 Cr,"16,250 / sq ft"
OWNER,3,2100 ,Banaswadi,Ready to move,1.7 Cr,"8,095 / sq ft"
OWNER,3,1505 ,Whitefield,Ready to move,98 L,"6,511 / sq ft"
OWNER,9,4800 ,Nagasandra,Ready to move,1.4 Cr,"2,916 / sq ft"
OWNER,3,1860 ,Yelahanka,Ready to move,97 L,"5,215 / sq ft"
OWNER,2,1105 ,Horamavu,Ready to move,49.88 L,"4,514 / sq ft"
OWNER,2,945 ,Electronics City,Under Construction,43.5 L,"4,603 / sq ft"
OWNER,3,1705 ,Banashankari,Ready to move,1.4 Cr,"8,211 / sq ft"
OWNER,Residential Plot,1300 ,Nelamangala,Resale,32 L,"2,461 / sq ft"
OWNER,Residential Plot,1200 ,Sarjapur,Resale,36 L,"3,000 / sq ft"
OWNER,Residential Plot,1200 ,Kurubarahalli on Magadi Road,Resale,14.4 L,"1,200 / sq ft"
AGENT,Residential Plot,800 ,Sunkadakatte,Resale,45 L,"5,625 / sq ft"
OWNER,Residential Plot,1200 ,Jigani,Resale,30 L,"2,500 / sq ft"
OWNER,Residential Plot,1200 ,Electronic City Phase 1,Resale,45.6 L,"3,800 / sq ft"
OWNER,Residential Plot,1200 ,Medahalli,Resale,48 L,"4,000 / sq ft"
OWNER,Residential Plot,1200 ,Kodigehalli,Resale,90 L,"7,500 / sq ft"
OWNER,Residential Plot,1200 ,Vijaypura,Resale,20.33 L,"1,694 / sq ft"
OWNER,Residential Plot,2400 ,Chikkajala,Resale,72 L,"3,000 / sq ft"
OWNER,Residential Plot,1200 ,Sulikunte,Resale,34 L,"2,833 / sq ft"
OWNER,Residential Plot,1200 ,Electronics City,Resale,46.7 L,"3,891 / sq ft"
OWNER,Residential Plot,1200 ,Mylasandra,Resale,33 L,"2,750 / sq ft"
OWNER,Residential Plot,1200 ,Devanahalli,Resale,42 L,"3,500 / sq ft"
OWNER,Residential Plot,1200 ,Bharat Nagar,Resale,74 L,"6,166 / sq ft"
OWNER,Residential Plot,1200 ,Horamavu,Resale,48 L,"4,000 / sq ft"
OWNER,Residential Plot,1200 ,Krishnarajapura,Resale,48 L,"4,000 / sq ft"
OWNER,Residential Plot,1200 ,Attibele,Resale,16.8 L,"1,400 / sq ft"
OWNER,Residential Plot,1200 ,Rachamanahalli,Resale,11.98 L,999 / sq ft
OWNER,Residential Plot,1200 ,Kodathi,Resale,45 L,"3,750 / sq ft"
OWNER,Residential Plot,1500 ,Nelamangala,Resale,34 L,"2,266 / sq ft"
OWNER,Residential Plot,1500 ,Electronic City Phase 2,Resale,45 L,"3,000 / sq ft"
OWNER,Residential Plot,1200 ,Vijaypura,Resale,20.33 L,"1,694 / sq ft"
OWNER,Residential Plot,1200 ,Kambipura,Resale,26.4 L,"2,200 / sq ft"
OWNER,Residential Plot,1200 ,Devanahalli,Resale,42 L,"3,500 / sq ft"
OWNER,Residential Plot,1500 ,Electronic City Phase 2,Resale,45 L,"3,000 / sq ft"
AGENT,Residential Plot,1200 ,HSR Layout,Resale,2.3 Cr,"19,166 / sq ft"
AGENT,2,2100 ,kamakshipalya,Ready to move,1.26 Cr,"6,000 / sq ft"
AGENT,2,975 ,Kogilu,Under Construction,39.6 L,"3,452 / sq ft"
AGENT,1,645 ,Kogilu,Under Construction,27.97 L,"3,686 / sq ft"
AGENT,6,2000 ,Vidyaranyapura,Ready to move,85 L,"4,250 / sq ft"
AGENT,4,5500 ,Whitefield Hope Farm Junction,Under Construction,6.57 Cr,"11,945 / sq ft"
AGENT,6,2000 ,Vidyaranyapura,Ready to move,85 L,"4,250 / sq ft"
AGENT,6,2000 ,Vidyaranyapura,Ready to move,85 L,"4,250 / sq ft"
AGENT,4,5500 ,Whitefield Hope Farm Junction,Under Construction,6.57 Cr,"11,945 / sq ft"
AGENT,6,2000 ,Vidyaranyapura,Ready to move,85 L,"4,250 / sq ft"
AGENT,4,5500 ,Whitefield Hope Farm Junction,Under Construction,6.57 Cr,"11,945 / sq ft"
AGENT,6,2000 ,Vidyaranyapura,Ready to move,85 L,"4,250 / sq ft"
AGENT,6,2000 ,Vidyaranyapura,Ready to move,85 L,"4,250 / sq ft"
AGENT,6,2000 ,Vidyaranyapura,Ready to move,85 L,"4,250 / sq ft"
AGENT,9,3500 ,BTM Layout,Ready to move,2.4 Cr,"6,857 / sq ft"
AGENT,9,3500 ,BTM Layout,Ready to move,2.4 Cr,"6,857 / sq ft"
AGENT,3,1630 ,Harlur,Under Construction,1.19 Cr,"7,300 / sq ft"
AGENT,3,1630 ,Harlur,Under Construction,1.19 Cr,"7,300 / sq ft"
AGENT,3,1630 ,Harlur,Under Construction,1.19 Cr,"7,300 / sq ft"
AGENT,3,1630 ,Harlur,Under Construction,1.19 Cr,"7,300 / sq ft"
AGENT,2,1305 ,Whitefield Hope Farm Junction,Under Construction,87 L,"6,666 / sq ft"
AGENT,2,1470 ,Harlur,Under Construction,1 Cr,"6,802 / sq ft"
AGENT,2,1470 ,Harlur,Under Construction,1 Cr,"6,802 / sq ft"
AGENT,2,1196 ,RR Nagar,Ready to move,51.48 L,"4,304 / sq ft"
AGENT,2,1470 ,Harlur,Under Construction,1 Cr,"6,802 / sq ft"
AGENT,2,1255 ,RR Nagar,Ready to move,52 L,"4,143 / sq ft"
AGENT,4,3350 ,Bagaluru Near Yelahanka,Under Construction,3.1 Cr,"9,253 / sq ft"
AGENT,3,1750 ,Kumaraswamy Layout,Under Construction,1.22 Cr,"6,971 / sq ft"
AGENT,2,991 ,Electronic City Phase 1,Under Construction,70 L,"7,063 / sq ft"
AGENT,3,2475 ,Hebbal,Under Construction,1.61 Cr,"6,505 / sq ft"
AGENT,2,1285 ,Sarjapur Road Post Railway Crossing,Under Construction,75.82 L,"5,900 / sq ft"
AGENT,4,5260 ,Hebbal,Ready to move,5.51 Cr,"10,475 / sq ft"
AGENT,4,3360 ,ITPL,Ready to move,2.6 Cr,"7,738 / sq ft"
AGENT,2,1470 ,Harlur,Under Construction,1 Cr,"6,802 / sq ft"
AGENT,2,1470 ,Harlur,Under Construction,1 Cr,"6,802 / sq ft"
AGENT,2,1470 ,Harlur,Under Construction,1 Cr,"6,802 / sq ft"
AGENT,2,1183 ,Jakkur,Ready to move,56 L,"4,733 / sq ft"
AGENT,2,1183 ,Jakkur,Ready to move,56 L,"4,733 / sq ft"
AGENT,3,1630 ,Harlur,Under Construction,1.19 Cr,"7,300 / sq ft"
AGENT,3,2753 ,Hoodi,Under Construction,2.4 Cr,"8,717 / sq ft"
AGENT,4,3112 ,JP Nagar Phase 7,Ready to move,2.94 Cr,"9,447 / sq ft"
AGENT,3,1332 ,Jalahalli,Under Construction,75 L,"5,630 / sq ft"
AGENT,3,1657 ,Dasarahalli on Tumkur Road,Under Construction,1.17 Cr,"7,060 / sq ft"
AGENT,2,1190 ,Hebbal,Under Construction,74.97 L,"6,300 / sq ft"
AGENT,4,3265 ,Hebbal,Ready to move,3.3 Cr,"10,107 / sq ft"
AGENT,3,1687 ,Horamavu,Ready to move,96.4 L,"5,714 / sq ft"
AGENT,3,1060 ,Yelahanka,Under Construction,69 L,"6,509 / sq ft"
AGENT,3,1837 ,Jakkur,Under Construction,1.93 Cr,"10,506 / sq ft"
AGENT,3,1507 ,Talaghattapura,Under Construction,1.33 Cr,"8,825 / sq ft"
AGENT,3,2241 ,Talaghattapura,Under Construction,1.6 Cr,"7,139 / sq ft"
AGENT,3,1630 ,Harlur,Under Construction,1.19 Cr,"7,300 / sq ft"
AGENT,3,943 ,Kumbalgodu,Under Construction,51.44 L,"5,454 / sq ft"
AGENT,3,1660 ,Konanakunte,Ready to move,90.2 L,"5,433 / sq ft"
AGENT,2,1183 ,Jakkur,Ready to move,56 L,"4,733 / sq ft"
AGENT,3,1630 ,Harlur,Under Construction,1.19 Cr,"7,300 / sq ft"
AGENT,3,1630 ,Harlur,Under Construction,1.19 Cr,"7,300 / sq ft"
AGENT,3,1630 ,Harlur,Under Construction,1.19 Cr,"7,300 / sq ft"
AGENT,3,1630 ,Harlur,Under Construction,1.19 Cr,"7,300 / sq ft"
AGENT,3,1630 ,Harlur,Under Construction,1.19 Cr,"7,300 / sq ft"
AGENT,3,1330 ,ITPL,Ready to move,1.18 Cr,"8,872 / sq ft"
AGENT,3,1600 ,Krishnarajapura,Ready to move,68.78 L,"4,298 / sq ft"
AGENT,3,1630 ,Harlur,Under Construction,1.19 Cr,"7,300 / sq ft"
AGENT,2,1415 ,Electronic City Phase 2,Ready to move,95 L,"6,713 / sq ft"
AGENT,2,1183 ,Jakkur,Ready to move,56 L,"4,733 / sq ft"
AGENT,3,2378 ,Banashankari,Ready to move,2.14 Cr,"8,999 / sq ft"
AGENT,2,1325 ,Whitefield Hope Farm Junction,Under Construction,89 L,"6,716 / sq ft"
AGENT,3,1630 ,Harlur,Under Construction,1.19 Cr,"7,300 / sq ft"
AGENT,3,1630 ,Harlur,Under Construction,1.19 Cr,"7,300 / sq ft"
AGENT,2,1183 ,Jakkur,Ready to move,56 L,"4,733 / sq ft"
AGENT,2,1183 ,Jakkur,Ready to move,56 L,"4,733 / sq ft"
AGENT,2,1183 ,Jakkur,Ready to move,56 L,"4,733 / sq ft"
AGENT,3,1700 ,Krishnarajapura,Under Construction,1.3 Cr,"7,647 / sq ft"
AGENT,4,3606 ,Whitefield Hope Farm Junction,Ready to move,3.3 Cr,"9,151 / sq ft"
AGENT,2,1183 ,Jakkur,Ready to move,56 L,"4,733 / sq ft"
AGENT,3,1835 ,Jakkur,Under Construction,1.52 Cr,"8,283 / sq ft"
AGENT,2,1434 ,JP Nagar Phase 5,Under Construction,1.15 Cr,"8,019 / sq ft"
AGENT,9,3500 ,BTM Layout,Ready to move,2.4 Cr,"6,857 / sq ft"
AGENT,9,3500 ,BTM Layout,Ready to move,2.4 Cr,"6,857 / sq ft"
AGENT,9,3500 ,BTM Layout,Ready to move,2.4 Cr,"6,857 / sq ft"
AGENT,3,1667 ,Banaswadi,Ready to move,91.68 L,"5,499 / sq ft"
AGENT,3,1545 ,Dodda Banaswadi,Ready to move,84.97 L,"5,500 / sq ft"
AGENT,3,1545 ,Dodda Banaswadi,Ready to move,84.97 L,"5,500 / sq ft"
AGENT,3,1600 ,Banaswadi,Ready to move,88 L,"5,500 / sq ft"
AGENT,2,1071 ,Hosakerehalli,Under Construction,57.78 L,"5,394 / sq ft"
AGENT,3,1545 ,Dodda Banaswadi,Ready to move,84.97 L,"5,500 / sq ft"
AGENT,2,1060 ,Dodda Banaswadi,Ready to move,60 L,"5,660 / sq ft"
AGENT,3,2450 ,Cooke Town,Ready to move,2.4 Cr,"9,795 / sq ft"
AGENT,3,1410 ,Banaswadi,Ready to move,77.55 L,"5,500 / sq ft"
AGENT,3,1410 ,Banaswadi,Ready to move,77.55 L,"5,500 / sq ft"
AGENT,3,2450 ,Cooke Town,Ready to move,2.4 Cr,"9,795 / sq ft"
AGENT,3,2450 ,Cooke Town,Ready to move,2.4 Cr,"9,795 / sq ft"
AGENT,3,1410 ,Banaswadi,Ready to move,77.55 L,"5,500 / sq ft"
AGENT,10,8600 ,Munnekollal,Ready to move,2.98 Cr,"3,465 / sq ft"
AGENT,10,8600 ,Munnekollal,Ready to move,2.98 Cr,"3,465 / sq ft"
AGENT,3,2450 ,Cooke Town,Ready to move,2.4 Cr,"9,795 / sq ft"
AGENT,3,2450 ,Cooke Town,Ready to move,2.4 Cr,"9,795 / sq ft"
AGENT,3,1760 ,Harlur,Ready to move,1.45 Cr,"8,238 / sq ft"
AGENT,3,1760 ,Harlur,Ready to move,1.45 Cr,"8,238 / sq ft"
AGENT,2,1183 ,Jakkur,Ready to move,56 L,"4,733 / sq ft"
AGENT,2,1410 ,RR Nagar,Ready to move,63.13 L,"4,477 / sq ft"
AGENT,2,1410 ,RR Nagar,Ready to move,63.13 L,"4,477 / sq ft"
AGENT,4,5120 ,Yelahanka,Ready to move,7 Cr,"13,671 / sq ft"
AGENT,4,2890 ,Anagalapura Near Hennur Main Road,Under Construction,2.46 Cr,"8,512 / sq ft"
AGENT,2,1410 ,RR Nagar,Ready to move,63.13 L,"4,477 / sq ft"
AGENT,3,1085 ,Harlur,Ready to move,88.64 L,"8,169 / sq ft"
AGENT,3,1520 ,Talaghattapura,Under Construction,70.48 L,"4,636 / sq ft"
AGENT,1,1020 ,Devanahalli,Ready to move,48 L,"4,705 / sq ft"
AGENT,3,3435 ,Kumaraswamy Layout,Under Construction,2.4 Cr,"6,986 / sq ft"
AGENT,3,1721 ,Yelahanka,Ready to move,80.03 L,"4,650 / sq ft"
AGENT,4,3122 ,Yelahanka,Ready to move,2.18 Cr,"6,982 / sq ft"
AGENT,2,1196 ,RR Nagar,Ready to move,51.48 L,"4,304 / sq ft"
AGENT,3,1760 ,Harlur,Ready to move,1.45 Cr,"8,238 / sq ft"
AGENT,2,1070 ,Hosakerehalli,Under Construction,57.78 L,"5,400 / sq ft"
AGENT,2,1070 ,Hosakerehalli,Under Construction,57.78 L,"5,400 / sq ft"
AGENT,2,1070 ,Hosakerehalli,Under Construction,57.78 L,"5,400 / sq ft"
AGENT,10,8600 ,Munnekollal,Ready to move,3 Cr,"3,488 / sq ft"
AGENT,3,1565 ,Basavanagudi,Ready to move,1.07 Cr,"6,878 / sq ft"
AGENT,3,1565 ,Basavanagudi,Ready to move,1.07 Cr,"6,878 / sq ft"
AGENT,3,1565 ,Basavanagudi,Ready to move,1.07 Cr,"6,878 / sq ft"
AGENT,3,1565 ,Basavanagudi,Ready to move,1.07 Cr,"6,878 / sq ft"
AGENT,2,1410 ,RR Nagar,Ready to move,63.13 L,"4,477 / sq ft"
AGENT,2,1410 ,RR Nagar,Ready to move,63.13 L,"4,477 / sq ft"
AGENT,2,1410 ,RR Nagar,Ready to move,63.13 L,"4,477 / sq ft"
AGENT,2,1216 ,Anjanapura,Under Construction,57.76 L,"4,750 / sq ft"
AGENT,2,1216 ,Anjanapura,Under Construction,57.76 L,"4,750 / sq ft"
AGENT,2,1410 ,RR Nagar,Ready to move,63.13 L,"4,477 / sq ft"
AGENT,3,1400 ,Banashankari,Ready to move,74.65 L,"5,332 / sq ft"
AGENT,2,1216 ,Anjanapura,Under Construction,57.76 L,"4,750 / sq ft"
AGENT,3,1400 ,Banashankari,Ready to move,74.65 L,"5,332 / sq ft"
AGENT,3,1400 ,Banashankari,Ready to move,74.65 L,"5,332 / sq ft"
AGENT,2,1410 ,RR Nagar,Ready to move,63.13 L,"4,477 / sq ft"
AGENT,2,1216 ,Anjanapura,Under Construction,57.76 L,"4,750 / sq ft"
AGENT,2,1070 ,Hosakerehalli,Under Construction,57.78 L,"5,400 / sq ft"
AGENT,2,1070 ,Hosakerehalli,Under Construction,57.78 L,"5,400 / sq ft"
AGENT,2,1070 ,Hosakerehalli,Under Construction,57.78 L,"5,400 / sq ft"
AGENT,10,8600 ,Munnekollal,Ready to move,3 Cr,"3,488 / sq ft"
AGENT,2,1070 ,Hosakerehalli,Under Construction,57.78 L,"5,400 / sq ft"
AGENT,2,1070 ,Hosakerehalli,Under Construction,57.78 L,"5,400 / sq ft"
AGENT,2,1071 ,Hosakerehalli,Under Construction,57.78 L,"5,394 / sq ft"
AGENT,2,1071 ,Hosakerehalli,Under Construction,57.78 L,"5,394 / sq ft"
AGENT,3,1565 ,Basavanagudi,Ready to move,1.07 Cr,"6,878 / sq ft"
AGENT,2,1071 ,Hosakerehalli,Under Construction,57.78 L,"5,394 / sq ft"
AGENT,2,1071 ,Hosakerehalli,Under Construction,57.78 L,"5,394 / sq ft"
AGENT,3,1165 ,Hosakerehalli,Under Construction,62.91 L,"5,400 / sq ft"
AGENT,10,8600 ,Munnekollal,Ready to move,3 Cr,"3,488 / sq ft"
AGENT,3,1165 ,Hosakerehalli,Under Construction,62.91 L,"5,400 / sq ft"
AGENT,3,1165 ,Hosakerehalli,Under Construction,62.91 L,"5,400 / sq ft"
AGENT,2,1183 ,Jakkur,Ready to move,56 L,"4,733 / sq ft"
AGENT,3,1400 ,Banashankari,Ready to move,74.65 L,"5,332 / sq ft"
AGENT,2,1070 ,Hosakerehalli,Under Construction,57.77 L,"5,399 / sq ft"
AGENT,2,1070 ,Hosakerehalli,Under Construction,57.77 L,"5,399 / sq ft"
AGENT,2,1216 ,Anjanapura,Under Construction,57.76 L,"4,750 / sq ft"
AGENT,2,1216 ,Anjanapura,Under Construction,57.76 L,"4,750 / sq ft"
AGENT,2,1216 ,Anjanapura,Under Construction,57.76 L,"4,750 / sq ft"
AGENT,2,1216 ,Anjanapura,Under Construction,57.76 L,"4,750 / sq ft"
AGENT,2,1070 ,Hosakerehalli,Under Construction,57.77 L,"5,399 / sq ft"
